Chinese_Name,Start_Year,Retired_Year,region,major_area,Retrofitted,Resource,technology,Captive_industry_use,captive,cluster,R_ID,Zone,STOR,SOLAR,BIOPOWER,COAL,GEOTHERMAL,WIND,GAS,LHYDRO,SHYDRO,HYDRO,NUCLEAR,NONDISP,RENEW,OTHER,Commit,Existing_Cap_MW,num_units,Cap_Size,Var_OM_Cost_per_MWh,Start_Cost_per_MW,Start_Fuel_MMBTU_per_MW,Heat_Rate_MMBTU_per_MWh,Fuel,Min_Power,Eff_Up,Eff_Down,Ramp_Up_Percentage,Ramp_Dn_Percentage,Up_Time,Down_Time,Existing_Cap_MWh,CHP,Dummy,Dummy_tech
"大唐鸡西第二热电厂 (Unit 11, Unit 12) 大唐鸡西热电厂",2011,,HL,Jixi,0,Jixi power station Unit 1,cogen_conventional_steam_coal,,0,1,1,1,0,0,0,1,0,0,0,0,0,0,0,0,0,0,1,300,1,300,1.78,117,13.7,10.44,HL_Coal,0.4,1,1,0.6,0.6,8,8,0,1,,
"吉林市西关热电厂 (Unit 8, Unit 9) 吉林市源源热电",2017,,JL,Jilin,0,Jilin Yuanyuan Cogen power station,cogen_conventional_steam_coal,,0,1,2,3,0,0,0,1,0,0,0,0,0,0,0,0,0,0,1,30,1,30,1.78,117,13.7,10.44,JL_Coal,0.4,1,1,0.6,0.6,8,8,0,1,,
"京科发电有限公司科右中热电厂扩建工程 (Phase II), 内蒙古源源能源集团京科发电公司科右中电厂 内蒙古源源能源集团京科发电厂",2010,,IME,Hinggan,0,Jingke power station,cogen_conventional_steam_coal,,0,1,3,2,0,0,0,1,0,0,0,0,0,0,0,0,0,0,1,330,1,330,1.78,117,13.7,10.44,IME_Coal,0.4,1,1,0.6,0.6,8,8,0,1,,
 内蒙古源源能源集团霍林郭勒金源口热电,2010,,IME,Tongliao,0,Jinyuankou Cogen power station Unit 1,cogen_conventional_steam_coal,,0,1,4,2,0,0,0,1,0,0,0,0,0,0,0,0,0,0,1,50,1,50,1.78,117,13.7,12.18,IME_Coal,0.4,1,1,0.6,0.6,8,8,0,1,,
 内蒙古源源能源集团霍林郭勒金源口热电,2010,,IME,Tongliao,0,Jinyuankou Cogen power station Unit 2,cogen_conventional_steam_coal,,0,1,5,2,0,0,0,1,0,0,0,0,0,0,0,0,0,0,1,50,1,50,1.78,117,13.7,12.18,IME_Coal,0.4,1,1,0.6,0.6,8,8,0,1,,
 大唐国际锦州热电,2009,,LN,Jinzhou,0,Jinzhou Datang power station Unit 1,cogen_conventional_steam_coal,,0,1,6,4,0,0,0,1,0,0,0,0,0,0,0,0,0,0,1,300,1,300,1.78,117,13.7,10.44,LN_Coal,0.4,1,1,0.6,0.6,8,8,0,1,,
 大唐国际锦州热电,2009,,LN,Jinzhou,0,Jinzhou Datang power station Unit 2,cogen_conventional_steam_coal,,0,1,7,4,0,0,0,1,0,0,0,0,0,0,0,0,0,0,1,300,1,300,1.78,117,13.7,10.44,LN_Coal,0.4,1,1,0.6,0.6,8,8,0,1,,
"大唐鸡西第二热电厂 (Unit 11, Unit 12) 大唐鸡西热电厂",2003,,HL,Jixi,0,Jixi power station Unit 2,cogen_conventional_steam_coal,,0,1,8,1,0,0,0,1,0,0,0,0,0,0,0,0,0,0,1,125,1,125,1.78,117,13.7,12.18,HL_Coal,0.4,1,1,0.6,0.6,8,8,0,1,,
"大唐鸡西第二热电厂 (Unit 11, Unit 12) 大唐鸡西热电厂",2011,,HL,Jixi,0,Jixi power station Unit 3,cogen_conventional_steam_coal,,0,1,9,1,0,0,0,1,0,0,0,0,0,0,0,0,0,0,1,300,1,300,1.78,117,13.7,10.44,HL_Coal,0.4,1,1,0.6,0.6,8,8,0,1,,
"大唐鸡西第二热电厂 (Unit 11, Unit 12) 大唐鸡西热电厂",2003,,HL,Jixi,0,Jixi power station Unit 4,cogen_conventional_steam_coal,,0,1,10,1,0,0,0,1,0,0,0,0,0,0,0,0,0,0,1,125,1,125,1.78,117,13.7,12.18,HL_Coal,0.4,1,1,0.6,0.6,8,8,0,1,,
" 国能吉林白城热电厂扩建4×660MW常规＋1×660MW新一代煤电项目, 国电吉林龙华白城热电厂",2011,,JL,Baicheng,0,Longhua Baicheng power station Unit 1,cogen_conventional_steam_coal,,0,1,11,3,0,0,0,1,0,0,0,0,0,0,0,0,0,0,1,200,1,200,1.78,117,13.7,11.31,JL_Coal,0.4,1,1,0.6,0.6,8,8,0,1,,
 内蒙古源源能源集团吉源热电,2019,,IME,Tongliao,0,Jiyuan Cogen power station Unit 1,cogen_conventional_steam_coal,,0,1,12,2,0,0,0,1,0,0,0,0,0,0,0,0,0,0,1,36,1,36,1.78,117,13.7,10.33,IME_Coal,0.4,1,1,0.6,0.6,8,8,0,1,,
 辽阳石化热电厂,1996,,LN,Liaoyang,0,Liaoyang Chemical power station Unit 1,cogen_conventional_steam_coal,both,1,1,13,4,0,0,0,1,0,0,0,0,0,0,0,0,0,0,1,50,1,50,1.78,117,13.7,12.18,LN_Coal,0.4,1,1,0.6,0.6,8,8,0,1,,
 辽阳石化热电厂,1996,,LN,Liaoyang,0,Liaoyang Chemical power station Unit 2,cogen_conventional_steam_coal,both,1,1,14,4,0,0,0,1,0,0,0,0,0,0,0,0,0,0,1,50,1,50,1.78,117,13.7,12.18,LN_Coal,0.4,1,1,0.6,0.6,8,8,0,1,,
 辽阳石化热电厂,1996,,LN,Liaoyang,0,Liaoyang Chemical power station Unit 3,cogen_conventional_steam_coal,both,1,1,15,4,0,0,0,1,0,0,0,0,0,0,0,0,0,0,1,50,1,50,1.78,117,13.7,12.18,LN_Coal,0.4,1,1,0.6,0.6,8,8,0,1,,
 辽阳石化热电厂,1995,,LN,Liaoyang,0,Liaoyang Chemical power station Unit 4,cogen_conventional_steam_coal,both,1,1,16,4,0,0,0,1,0,0,0,0,0,0,0,0,0,0,1,50,1,50,1.78,117,13.7,12.18,LN_Coal,0.4,1,1,0.6,0.6,8,8,0,1,,
辽阳芳烃基地热电厂 北方亚泰能源辽阳国成热电厂,2015,,LN,Liaoyang,0,Liaoyang Guocheng power station Unit 1,cogen_conventional_steam_coal,both,1,1,17,4,0,0,0,1,0,0,0,0,0,0,0,0,0,0,1,50,1,50,1.78,117,13.7,10.44,LN_Coal,0.4,1,1,0.6,0.6,8,8,0,1,,
辽阳芳烃基地热电厂 北方亚泰能源辽阳国成热电厂,2018,,LN,Liaoyang,0,Liaoyang Guocheng power station Unit 2,cogen_conventional_steam_coal,both,1,1,18,4,0,0,0,1,0,0,0,0,0,0,0,0,0,0,1,50,1,50,1.78,117,13.7,10.44,LN_Coal,0.4,1,1,0.6,0.6,8,8,0,1,,
"林口海浪热电厂, Linkou Cogen power station 林口盛烨热电厂",2019,,HL,Mudanjiang,0,Linkou Shengye Cogen power station,cogen_conventional_steam_coal,,0,1,19,1,0,0,0,1,0,0,0,0,0,0,0,0,0,0,1,50,1,50,1.78,117,13.7,10.44,HL_Coal,0.4,1,1,0.6,0.6,8,8,0,1,,
 国电吉林江南热电厂,2011,,JL,Jilin,1,Jilin Jiangnan power station Unit 1,cogen_conventional_steam_coal,,0,1,20,3,0,0,0,1,0,0,0,0,0,0,0,0,0,0,1,330,1,330,1.78,117,13.7,10.44,JL_Coal,0.4,1,1,0.6,0.6,8,8,0,1,,
 内蒙古源源能源集团吉源热电,2020,,IME,Tongliao,0,Jiyuan Cogen power station Unit 2,cogen_conventional_steam_coal,,0,1,21,2,0,0,0,1,0,0,0,0,0,0,0,0,0,0,1,36,1,36,1.78,117,13.7,10.33,IME_Coal,0.4,1,1,0.6,0.6,8,8,0,1,,
 国电吉林江南热电厂,2010,,JL,Jilin,1,Jilin Jiangnan power station Unit 2,cogen_conventional_steam_coal,,0,1,22,3,0,0,0,1,0,0,0,0,0,0,0,0,0,0,1,330,1,330,1.78,117,13.7,10.44,JL_Coal,0.4,1,1,0.6,0.6,8,8,0,1,,
安达鑫玛热电 鑫玛热电集团安达热电,2014,,HL,Suihua,0,Anda Cogen power station Unit 1,cogen_conventional_steam_coal,,0,1,23,1,0,0,0,1,0,0,0,0,0,0,0,0,0,0,1,50,1,50,1.78,117,13.7,11.31,HL_Coal,0.4,1,1,0.6,0.6,8,8,0,1,,
"国能吉林热电厂“等容量替换”2×350MW热电联产项目, Jilin Longtan power station, Jilin power station, 吉林龙潭热电厂 国电吉林热电厂",2001,,JL,Jilin,0,Jilin cogen power station Unit 1,cogen_conventional_steam_coal,,0,1,24,3,0,0,0,1,0,0,0,0,0,0,0,0,0,0,1,125,1,125,1.78,117,13.7,12.18,JL_Coal,0.4,1,1,0.6,0.6,8,8,0,1,,
" 国能吉林白城热电厂扩建4×660MW常规＋1×660MW新一代煤电项目, 国电吉林龙华白城热电厂",2011,,JL,Baicheng,0,Longhua Baicheng power station Unit 2,cogen_conventional_steam_coal,,0,1,25,3,0,0,0,1,0,0,0,0,0,0,0,0,0,0,1,200,1,200,1.78,117,13.7,11.31,JL_Coal,0.4,1,1,0.6,0.6,8,8,0,1,,
Yingkou Coastal power station 华能营口热电公司,2009,,LN,Yingkou,0,Huaneng Yingkou cogen power station Unit 1,cogen_conventional_steam_coal,,0,1,26,4,0,0,0,1,0,0,0,0,0,0,0,0,0,0,1,350,1,350,1.78,117,13.7,10.44,LN_Coal,0.4,1,1,0.6,0.6,8,8,0,1,,
Yingkou Coastal power station 华能营口热电公司,2009,,LN,Yingkou,0,Huaneng Yingkou cogen power station Unit 2,cogen_conventional_steam_coal,,0,1,27,4,0,0,0,1,0,0,0,0,0,0,0,0,0,0,1,350,1,350,1.78,117,13.7,10.44,LN_Coal,0.4,1,1,0.6,0.6,8,8,0,1,,
"Huaneng Yakeshi Huiliuhe power station, 华能蒙东公司汇流河发电厂35+5万千瓦热电联产项目 华能呼伦贝尔安泰热电公司汇流河发电厂",1993,,IME,Hulunbuir,0,Huiliuhe power station Unit 1,cogen_conventional_steam_coal,,0,1,28,2,0,0,0,1,0,0,0,0,0,0,0,0,0,0,1,55,1,55,1.78,117,13.7,12.62,IME_Coal,0.4,1,1,0.6,0.6,8,8,0,1,,
"Huaneng Yakeshi Huiliuhe power station, 华能蒙东公司汇流河发电厂35+5万千瓦热电联产项目 华能呼伦贝尔安泰热电公司汇流河发电厂",1993,,IME,Hulunbuir,0,Huiliuhe power station Unit 2,cogen_conventional_steam_coal,,0,1,29,2,0,0,0,1,0,0,0,0,0,0,0,0,0,0,1,55,1,55,1.78,117,13.7,12.62,IME_Coal,0.4,1,1,0.6,0.6,8,8,0,1,,
 大唐国际葫芦岛热电,2020,,LN,Huludao,0,Huludao power station Unit 1,cogen_conventional_steam_coal,,0,1,30,4,0,0,0,1,0,0,0,0,0,0,0,0,0,0,1,350,1,350,1.78,117,13.7,9.25,LN_Coal,0.4,1,1,0.6,0.6,8,8,0,1,,
 大唐国际葫芦岛热电,2020,,LN,Huludao,0,Huludao power station Unit 2,cogen_conventional_steam_coal,,0,1,31,4,0,0,0,1,0,0,0,0,0,0,0,0,0,0,1,350,1,350,1.78,117,13.7,9.25,LN_Coal,0.4,1,1,0.6,0.6,8,8,0,1,,
"国家电投白山热电 (Phase II Unit 1, Phase II Unit 2) 国家电投吉电股份浑江发电厂",2007,,JL,Baishan,0,Hunjiang power station Unit 1,cogen_conventional_steam_coal,,0,1,32,3,0,0,0,1,0,0,0,0,0,0,0,0,0,0,1,300,1,300,1.78,117,13.7,10.44,JL_Coal,0.4,1,1,0.6,0.6,8,8,0,1,,
"国家电投白山热电 (Phase II Unit 1, Phase II Unit 2) 国家电投吉电股份浑江发电厂",2008,,JL,Baishan,0,Hunjiang power station Unit 2,cogen_conventional_steam_coal,,0,1,33,3,0,0,0,1,0,0,0,0,0,0,0,0,0,0,1,300,1,300,1.78,117,13.7,10.44,JL_Coal,0.4,1,1,0.6,0.6,8,8,0,1,,
"国家电投白山热电 (Phase II Unit 1, Phase II Unit 2) 国家电投吉电股份浑江发电厂",1997,2021,JL,Baishan,0,Hunjiang power station Unit 3,cogen_conventional_steam_coal,,0,1,34,3,0,0,0,1,0,0,0,0,0,0,0,0,0,0,1,215,1,215,1.78,117,13.7,12.18,JL_Coal,0.4,1,1,0.6,0.6,8,8,0,1,,
乌兰浩特热电 蒙能兴安热电厂,2015,,IME,Hinggan,0,Inner Mongolia Energy Hinggan power station Unit 1,cogen_conventional_steam_coal,,0,1,35,2,0,0,0,1,0,0,0,0,0,0,0,0,0,0,1,340,1,340,1.78,117,13.7,9.57,IME_Coal,0.4,1,1,0.6,0.6,8,8,0,1,,
乌兰浩特热电 蒙能兴安热电厂,2016,,IME,Hinggan,0,Inner Mongolia Energy Hinggan power station Unit 2,cogen_conventional_steam_coal,,0,1,36,2,0,0,0,1,0,0,0,0,0,0,0,0,0,0,1,340,1,340,1.78,117,13.7,9.57,IME_Coal,0.4,1,1,0.6,0.6,8,8,0,1,,
 加格达奇热电厂,2021,,HL,Jiagedaqi,0,Jiagedaqi Cogen power station Unit 1,cogen_conventional_steam_coal,,0,1,37,1,0,0,0,1,0,0,0,0,0,0,0,0,0,0,1,135,1,135,1.78,117,13.7,10.33,HL_Coal,0.4,1,1,0.6,0.6,8,8,0,1,,
 加格达奇热电厂,2021,,HL,Jiagedaqi,0,Jiagedaqi Cogen power station Unit 2,cogen_conventional_steam_coal,,0,1,38,1,0,0,0,1,0,0,0,0,0,0,0,0,0,0,1,135,1,135,1.78,117,13.7,10.33,HL_Coal,0.4,1,1,0.6,0.6,8,8,0,1,,
 佳木斯中恒热电厂,2012,,HL,Jiamusi,0,Jiamusi Zhongheng Cogen power station Unit 1,cogen_conventional_steam_coal,,0,1,39,1,0,0,0,1,0,0,0,0,0,0,0,0,0,0,1,75,1,75,1.78,117,13.7,11.19,HL_Coal,0.4,1,1,0.6,0.6,8,8,0,1,,
 佳木斯中恒热电厂,2017,,HL,Jiamusi,0,Jiamusi Zhongheng Cogen power station Unit 2,cogen_conventional_steam_coal,,0,1,40,1,0,0,0,1,0,0,0,0,0,0,0,0,0,0,1,50,1,50,1.78,117,13.7,10.33,HL_Coal,0.4,1,1,0.6,0.6,8,8,0,1,,
"华电佳木斯热电厂 (Unit 4, Unit 5), 大唐佳木斯第二发电厂 (Unit 1, Unit 2, Unit 3) 佳木斯第二发电厂",2008,,HL,Jiamusi,0,Jiamusi-2 power station Unit 1,cogen_conventional_steam_coal,,0,1,41,1,0,0,0,1,0,0,0,0,0,0,0,0,0,0,1,300,1,300,1.78,117,13.7,10.44,HL_Coal,0.4,1,1,0.6,0.6,8,8,0,1,,
"华电佳木斯热电厂 (Unit 4, Unit 5), 大唐佳木斯第二发电厂 (Unit 1, Unit 2, Unit 3) 佳木斯第二发电厂",2008,,HL,Jiamusi,0,Jiamusi-2 power station Unit 2,cogen_conventional_steam_coal,,0,1,42,1,0,0,0,1,0,0,0,0,0,0,0,0,0,0,1,300,1,300,1.78,117,13.7,10.44,HL_Coal,0.4,1,1,0.6,0.6,8,8,0,1,,
"国能吉林热电厂“等容量替换”2×350MW热电联产项目, Jilin Longtan power station, Jilin power station, 吉林龙潭热电厂 国电吉林热电厂",1988,,JL,Jilin,0,Jilin cogen power station Unit 2,cogen_conventional_steam_coal,,0,1,43,3,0,0,0,1,0,0,0,0,0,0,0,0,0,0,1,220,1,220,1.78,117,13.7,12.62,JL_Coal,0.4,1,1,0.6,0.6,8,8,0,1,,
"国能吉林热电厂“等容量替换”2×350MW热电联产项目, Jilin Longtan power station, Jilin power station, 吉林龙潭热电厂 国电吉林热电厂",1989,,JL,Jilin,0,Jilin cogen power station Unit 3,cogen_conventional_steam_coal,,0,1,44,3,0,0,0,1,0,0,0,0,0,0,0,0,0,0,1,220,1,220,1.78,117,13.7,12.62,JL_Coal,0.4,1,1,0.6,0.6,8,8,0,1,,
"国能吉林热电厂“等容量替换”2×350MW热电联产项目, Jilin Longtan power station, Jilin power station, 吉林龙潭热电厂 国电吉林热电厂",2000,,JL,Jilin,0,Jilin cogen power station Unit 4,cogen_conventional_steam_coal,,0,1,45,3,0,0,0,1,0,0,0,0,0,0,0,0,0,0,1,125,1,125,1.78,117,13.7,12.18,JL_Coal,0.4,1,1,0.6,0.6,8,8,0,1,,
亿斯特能源公司 吉林市东关热电厂,2003,,JL,Jilin,0,Jilin Dongguan power station,cogen_conventional_steam_coal,,0,1,46,3,0,0,0,1,0,0,0,0,0,0,0,0,0,0,1,50,1,50,1.78,117,13.7,12.18,JL_Coal,0.4,1,1,0.6,0.6,8,8,0,1,,
 国电吉林龙华延吉热电厂,2010,,JL,Yanbian,0,Longhua Yanji power station Unit 1,cogen_conventional_steam_coal,,0,1,47,3,0,0,0,1,0,0,0,0,0,0,0,0,0,0,1,200,1,200,1.78,117,13.7,11.31,JL_Coal,0.4,1,1,0.6,0.6,8,8,0,1,,
 伊品能源热电联产,2019,,HL,Yichun,0,Yipin Captive power station Unit 1,cogen_conventional_steam_coal,both,1,1,48,1,0,0,0,1,0,0,0,0,0,0,0,0,0,0,1,35,1,35,1.78,117,13.7,10.33,HL_Coal,0.4,1,1,0.6,0.6,8,8,0,1,,
 公主岭隆盛热电,2017,,JL,Siping,0,Longsheng Cogen power station Unit 1,cogen_conventional_steam_coal,,0,1,49,3,0,0,0,1,0,0,0,0,0,0,0,0,0,0,1,30,1,30,1.78,117,13.7,10.44,JL_Coal,0.4,1,1,0.6,0.6,8,8,0,1,,
Datang Suihua power station 大唐绥化热电厂,2017,,HL,Suihua,0,Suihua power station Unit 1,cogen_conventional_steam_coal,,0,1,50,1,0,0,0,1,0,0,0,0,0,0,0,0,0,0,1,350,1,350,1.78,117,13.7,9.25,HL_Coal,0.4,1,1,0.6,0.6,8,8,0,1,,
Datang Suihua power station 大唐绥化热电厂,2017,,HL,Suihua,0,Suihua power station Unit 2,cogen_conventional_steam_coal,,0,1,51,1,0,0,0,1,0,0,0,0,0,0,0,0,0,0,1,350,1,350,1.78,117,13.7,9.25,HL_Coal,0.4,1,1,0.6,0.6,8,8,0,1,,
 华电沈阳苏家屯金山热电,2010,,LN,Shenyang,0,Sujiatun Jinshan power station Unit 1,cogen_conventional_steam_coal,,0,1,52,4,0,0,0,1,0,0,0,0,0,0,0,0,0,0,1,220,1,220,1.78,117,13.7,11.31,LN_Coal,0.4,1,1,0.6,0.6,8,8,0,1,,
 华电沈阳苏家屯金山热电,2010,,LN,Shenyang,0,Sujiatun Jinshan power station Unit 2,cogen_conventional_steam_coal,,0,1,53,4,0,0,0,1,0,0,0,0,0,0,0,0,0,0,1,220,1,220,1.78,117,13.7,11.31,LN_Coal,0.4,1,1,0.6,0.6,8,8,0,1,,
铁力宇祥热电公司城区热电联产集中供热热源建设项目 铁力宇祥热电项目,2020,,HL,Yichun,0,Tieli Yuxiang Cogen power station,cogen_conventional_steam_coal,,0,1,54,1,0,0,0,1,0,0,0,0,0,0,0,0,0,0,1,56,1,56,1.78,117,13.7,10.33,HL_Coal,0.4,1,1,0.6,0.6,8,8,0,1,,
"通辽盛发热电 (Unit 6 & 7), 通辽发电总厂热电厂六期扩建工程项目 (Unit 6 & 7), 内蒙公司通辽电投发电公司2×350兆瓦智慧热电联产机组项目 (Unit 8 & 9) 国家电投内蒙能源通辽发电总厂",1985,,IME,Tongliao,0,Tongliao power station Unit 1,cogen_conventional_steam_coal,,0,1,55,2,0,0,0,1,0,0,0,0,0,0,0,0,0,0,1,200,1,200,1.78,117,13.7,12.62,IME_Coal,0.4,1,1,0.6,0.6,8,8,0,1,,
"通辽盛发热电 (Unit 6 & 7), 通辽发电总厂热电厂六期扩建工程项目 (Unit 6 & 7), 内蒙公司通辽电投发电公司2×350兆瓦智慧热电联产机组项目 (Unit 8 & 9) 国家电投内蒙能源通辽发电总厂",1985,,IME,Tongliao,0,Tongliao power station Unit 2,cogen_conventional_steam_coal,,0,1,56,2,0,0,0,1,0,0,0,0,0,0,0,0,0,0,1,200,1,200,1.78,117,13.7,12.62,IME_Coal,0.4,1,1,0.6,0.6,8,8,0,1,,
"通辽盛发热电 (Unit 6 & 7), 通辽发电总厂热电厂六期扩建工程项目 (Unit 6 & 7), 内蒙公司通辽电投发电公司2×350兆瓦智慧热电联产机组项目 (Unit 8 & 9) 国家电投内蒙能源通辽发电总厂",1989,,IME,Tongliao,0,Tongliao power station Unit 3,cogen_conventional_steam_coal,,0,1,57,2,0,0,0,1,0,0,0,0,0,0,0,0,0,0,1,200,1,200,1.78,117,13.7,12.62,IME_Coal,0.4,1,1,0.6,0.6,8,8,0,1,,
"通辽盛发热电 (Unit 6 & 7), 通辽发电总厂热电厂六期扩建工程项目 (Unit 6 & 7), 内蒙公司通辽电投发电公司2×350兆瓦智慧热电联产机组项目 (Unit 8 & 9) 国家电投内蒙能源通辽发电总厂",1990,,IME,Tongliao,0,Tongliao power station Unit 4,cogen_conventional_steam_coal,,0,1,58,2,0,0,0,1,0,0,0,0,0,0,0,0,0,0,1,200,1,200,1.78,117,13.7,12.62,IME_Coal,0.4,1,1,0.6,0.6,8,8,0,1,,
 国家电投吉电股份松花江热电,2014,,JL,Jilin,0,Songhuajiang power station Unit 1,cogen_conventional_steam_coal,,0,1,59,3,0,0,0,1,0,0,0,0,0,0,0,0,0,0,1,40,1,40,1.78,117,13.7,11.31,JL_Coal,0.4,1,1,0.6,0.6,8,8,0,1,,
"通辽盛发热电 (Unit 6 & 7), 通辽发电总厂热电厂六期扩建工程项目 (Unit 6 & 7), 内蒙公司通辽电投发电公司2×350兆瓦智慧热电联产机组项目 (Unit 8 & 9) 国家电投内蒙能源通辽发电总厂",2006,,IME,Tongliao,1,Tongliao power station Unit 5,cogen_conventional_steam_coal,,0,1,60,2,0,0,0,1,0,0,0,0,0,0,0,0,0,0,1,600,1,600,1.78,117,13.7,9.57,IME_Coal,0.4,1,1,0.6,0.6,8,8,0,1,,
"通辽盛发热电 (Unit 6 & 7), 通辽发电总厂热电厂六期扩建工程项目 (Unit 6 & 7), 内蒙公司通辽电投发电公司2×350兆瓦智慧热电联产机组项目 (Unit 8 & 9) 国家电投内蒙能源通辽发电总厂",2007,,IME,Tongliao,0,Tongliao power station Unit 6,cogen_conventional_steam_coal,,0,1,61,2,0,0,0,1,0,0,0,0,0,0,0,0,0,0,1,135,1,135,1.78,117,13.7,11.31,IME_Coal,0.4,1,1,0.6,0.6,8,8,0,1,,
 五常市天宝热电厂,2018,,HL,Harbin,0,Wuchang Cogen power station,cogen_conventional_steam_coal,,0,1,62,1,0,0,0,1,0,0,0,0,0,0,0,0,0,0,1,50,1,50,1.78,117,13.7,10.44,HL_Coal,0.4,1,1,0.6,0.6,8,8,0,1,,
 华能伊春热电,2015,,HL,Yichun,1,Yichun cogen power station Unit 1,cogen_conventional_steam_coal,,0,1,63,1,0,0,0,1,0,0,0,0,0,0,0,0,0,0,1,350,1,350,1.78,117,13.7,9.25,HL_Coal,0.4,1,1,0.6,0.6,8,8,0,1,,
 华能伊春热电,2015,,HL,Yichun,1,Yichun cogen power station Unit 2,cogen_conventional_steam_coal,,0,1,64,1,0,0,0,1,0,0,0,0,0,0,0,0,0,0,1,350,1,350,1.78,117,13.7,9.25,HL_Coal,0.4,1,1,0.6,0.6,8,8,0,1,,
 华能国际仙人岛热电,2017,,LN,Yingkou,0,Yingkou Xianrendao power station Unit 1,cogen_conventional_steam_coal,,0,1,65,4,0,0,0,1,0,0,0,0,0,0,0,0,0,0,1,50,1,50,1.78,117,13.7,10.44,LN_Coal,0.4,1,1,0.6,0.6,8,8,0,1,,
 华能国际仙人岛热电,2017,,LN,Yingkou,0,Yingkou Xianrendao power station Unit 2,cogen_conventional_steam_coal,,0,1,66,4,0,0,0,1,0,0,0,0,0,0,0,0,0,0,1,50,1,50,1.78,117,13.7,10.44,LN_Coal,0.4,1,1,0.6,0.6,8,8,0,1,,
 伊品能源热电联产,2019,,HL,Yichun,0,Yipin Captive power station Unit 2,cogen_conventional_steam_coal,both,1,1,67,1,0,0,0,1,0,0,0,0,0,0,0,0,0,0,1,35,1,35,1.78,117,13.7,10.33,HL_Coal,0.4,1,1,0.6,0.6,8,8,0,1,,
 伊品能源热电联产,2019,,HL,Yichun,0,Yipin Captive power station Unit 3,cogen_conventional_steam_coal,both,1,1,68,1,0,0,0,1,0,0,0,0,0,0,0,0,0,0,1,35,1,35,1.78,117,13.7,10.33,HL_Coal,0.4,1,1,0.6,0.6,8,8,0,1,,
"中石油吉林油田热电厂, CNPC Jilin power station 华能松原热电厂",2007,,JL,Songyuan,0,Huaneng Songyuan Cogen power station Unit 1,cogen_conventional_steam_coal,,0,1,69,3,0,0,0,1,0,0,0,0,0,0,0,0,0,0,1,50,1,50,1.78,117,13.7,11.31,JL_Coal,0.4,1,1,0.6,0.6,8,8,0,1,,
"通辽盛发热电 (Unit 6 & 7), 通辽发电总厂热电厂六期扩建工程项目 (Unit 6 & 7), 内蒙公司通辽电投发电公司2×350兆瓦智慧热电联产机组项目 (Unit 8 & 9) 国家电投内蒙能源通辽发电总厂",2006,,IME,Tongliao,0,Tongliao power station Unit 7,cogen_conventional_steam_coal,,0,1,70,2,0,0,0,1,0,0,0,0,0,0,0,0,0,0,1,135,1,135,1.78,117,13.7,11.31,IME_Coal,0.4,1,1,0.6,0.6,8,8,0,1,,
 国电吉林龙华延吉热电厂,2010,,JL,Yanbian,0,Longhua Yanji power station Unit 2,cogen_conventional_steam_coal,,0,1,71,3,0,0,0,1,0,0,0,0,0,0,0,0,0,0,1,200,1,200,1.78,117,13.7,11.31,JL_Coal,0.4,1,1,0.6,0.6,8,8,0,1,,
 国家电投吉电股份松花江热电,2014,,JL,Jilin,0,Songhuajiang power station Unit 2,cogen_conventional_steam_coal,,0,1,72,3,0,0,0,1,0,0,0,0,0,0,0,0,0,0,1,40,1,40,1.78,117,13.7,11.31,JL_Coal,0.4,1,1,0.6,0.6,8,8,0,1,,
 国家电投吉电股份松花江热电,2012,,JL,Jilin,0,Songhuajiang power station Unit 3,cogen_conventional_steam_coal,,0,1,73,3,0,0,0,1,0,0,0,0,0,0,0,0,0,0,1,350,1,350,1.78,117,13.7,10.44,JL_Coal,0.4,1,1,0.6,0.6,8,8,0,1,,
 公主岭隆盛热电,2017,,JL,Siping,0,Longsheng Cogen power station Unit 2,cogen_conventional_steam_coal,,0,1,74,3,0,0,0,1,0,0,0,0,0,0,0,0,0,0,1,30,1,30,1.78,117,13.7,10.44,JL_Coal,0.4,1,1,0.6,0.6,8,8,0,1,,
"Shenzhen Manzhouli power station (Unit 1, Unit 2) 华能内蒙古东部能源公司满洲里达赉湖热电",2012,,IME,Hulunbuir,0,Manzhouli Dalaihu power station Unit 1,cogen_conventional_steam_coal,,0,1,75,2,0,0,0,1,0,0,0,0,0,0,0,0,0,0,1,200,1,200,1.78,117,13.7,11.19,IME_Coal,0.4,1,1,0.6,0.6,8,8,0,1,,
"Shenzhen Manzhouli power station (Unit 1, Unit 2) 华能内蒙古东部能源公司满洲里达赉湖热电",2012,,IME,Hulunbuir,0,Manzhouli Dalaihu power station Unit 2,cogen_conventional_steam_coal,,0,1,76,2,0,0,0,1,0,0,0,0,0,0,0,0,0,0,1,200,1,200,1.78,117,13.7,11.19,IME_Coal,0.4,1,1,0.6,0.6,8,8,0,1,,
 牡丹江热电厂,2010,,HL,Mudanjiang,0,Mudanjiang Cogen power station,cogen_conventional_steam_coal,,0,1,77,1,0,0,0,1,0,0,0,0,0,0,0,0,0,0,1,80,1,80,1.78,117,13.7,12.05,HL_Coal,0.4,1,1,0.6,0.6,8,8,0,1,,
 盘锦辽河富腾热电厂,2008,,LN,Panjin,0,Panjin Liaohe Futeng power station Unit 1,cogen_conventional_steam_coal,both,1,1,78,4,0,0,0,1,0,0,0,0,0,0,0,0,0,0,1,30,1,30,1.78,117,13.7,11.31,LN_Coal,0.4,1,1,0.6,0.6,8,8,0,1,,
 盘锦辽河富腾热电厂,2008,,LN,Panjin,0,Panjin Liaohe Futeng power station Unit 2,cogen_conventional_steam_coal,both,1,1,79,4,0,0,0,1,0,0,0,0,0,0,0,0,0,0,1,30,1,30,1.78,117,13.7,11.31,LN_Coal,0.4,1,1,0.6,0.6,8,8,0,1,,
 华润电力盘锦热电厂,2014,,LN,Panjin,0,Panjin Xinli power station Unit 1,cogen_conventional_steam_coal,,0,1,80,4,0,0,0,1,0,0,0,0,0,0,0,0,0,0,1,350,1,350,1.78,117,13.7,10.09,LN_Coal,0.4,1,1,0.6,0.6,8,8,0,1,,
 华润电力盘锦热电厂,2014,,LN,Panjin,0,Panjin Xinli power station Unit 2,cogen_conventional_steam_coal,,0,1,81,4,0,0,0,1,0,0,0,0,0,0,0,0,0,0,1,350,1,350,1.78,117,13.7,10.09,LN_Coal,0.4,1,1,0.6,0.6,8,8,0,1,,
 华润沈海热电厂,1991,,LN,Shenyang,0,Shenhai power station Unit 1,cogen_conventional_steam_coal,,0,1,82,4,0,0,0,1,0,0,0,0,0,0,0,0,0,0,1,200,1,200,1.78,117,13.7,12.62,LN_Coal,0.4,1,1,0.6,0.6,8,8,0,1,,
 国家电投吉电股份松花江热电,2014,,JL,Jilin,0,Songhuajiang power station Unit 4,cogen_conventional_steam_coal,,0,1,83,3,0,0,0,1,0,0,0,0,0,0,0,0,0,0,1,50,1,50,1.78,117,13.7,11.31,JL_Coal,0.4,1,1,0.6,0.6,8,8,0,1,,
 华润沈海热电厂,1991,,LN,Shenyang,0,Shenhai power station Unit 2,cogen_conventional_steam_coal,,0,1,84,4,0,0,0,1,0,0,0,0,0,0,0,0,0,0,1,200,1,200,1.78,117,13.7,12.62,LN_Coal,0.4,1,1,0.6,0.6,8,8,0,1,,
 国电沈西热电厂,2012,,LN,Shenyang,0,Shenxi power station Unit 1,cogen_conventional_steam_coal,,0,1,85,4,0,0,0,1,0,0,0,0,0,0,0,0,0,0,1,330,1,330,1.78,117,13.7,10.44,LN_Coal,0.4,1,1,0.6,0.6,8,8,0,1,,
 国电沈西热电厂,2012,,LN,Shenyang,0,Shenxi power station Unit 2,cogen_conventional_steam_coal,,0,1,86,4,0,0,0,1,0,0,0,0,0,0,0,0,0,0,1,330,1,330,1.78,117,13.7,10.44,LN_Coal,0.4,1,1,0.6,0.6,8,8,0,1,,
 国电沈阳热电厂,2003,,LN,Shenyang,0,Shenyang CHP power station,cogen_conventional_steam_coal,,0,1,87,4,0,0,0,1,0,0,0,0,0,0,0,0,0,0,1,50,1,50,1.78,117,13.7,12.18,LN_Coal,0.4,1,1,0.6,0.6,8,8,0,1,,
"吉长电力 (Phase II Unit 4, Phase II Unit 5 (Replacement)) 国家电投吉电股份四平热电厂, 吉电股份-四平第一热电公司",2013,,JL,Siping,0,Siping power station Unit 1,cogen_conventional_steam_coal,,0,1,88,3,0,0,0,1,0,0,0,0,0,0,0,0,0,0,1,350,1,350,1.78,117,13.7,10.44,JL_Coal,0.4,1,1,0.6,0.6,8,8,0,1,,
"吉长电力 (Phase II Unit 4, Phase II Unit 5 (Replacement)) 国家电投吉电股份四平热电厂, 吉电股份-四平第一热电公司",1996,,JL,Siping,0,Siping power station Unit 2,cogen_conventional_steam_coal,,0,1,89,3,0,0,0,1,0,0,0,0,0,0,0,0,0,0,1,50,1,50,1.78,117,13.7,12.18,JL_Coal,0.4,1,1,0.6,0.6,8,8,0,1,,
"吉长电力 (Phase II Unit 4, Phase II Unit 5 (Replacement)) 国家电投吉电股份四平热电厂, 吉电股份-四平第一热电公司",1996,,JL,Siping,0,Siping power station Unit 3,cogen_conventional_steam_coal,,0,1,90,3,0,0,0,1,0,0,0,0,0,0,0,0,0,0,1,50,1,50,1.78,117,13.7,12.18,JL_Coal,0.4,1,1,0.6,0.6,8,8,0,1,,
"吉长电力 (Phase II Unit 4, Phase II Unit 5 (Replacement)) 国家电投吉电股份四平热电厂, 吉电股份-四平第一热电公司",1999,,JL,Siping,0,Siping power station Unit 4,cogen_conventional_steam_coal,,0,1,91,3,0,0,0,1,0,0,0,0,0,0,0,0,0,0,1,100,1,100,1.78,117,13.7,12.18,JL_Coal,0.4,1,1,0.6,0.6,8,8,0,1,,
 国家电投吉电股份松花江热电,2003,,JL,Jilin,0,Songhuajiang power station Unit 5,cogen_conventional_steam_coal,,0,1,92,3,0,0,0,1,0,0,0,0,0,0,0,0,0,0,1,125,1,125,1.78,117,13.7,12.18,JL_Coal,0.4,1,1,0.6,0.6,8,8,0,1,,
 国家电投吉电股份松花江热电,2003,,JL,Jilin,0,Songhuajiang power station Unit 6,cogen_conventional_steam_coal,,0,1,93,3,0,0,0,1,0,0,0,0,0,0,0,0,0,0,1,125,1,125,1.78,117,13.7,12.18,JL_Coal,0.4,1,1,0.6,0.6,8,8,0,1,,
 华润沈海热电厂,1991,,LN,Shenyang,0,Shenhai power station Unit 3,cogen_conventional_steam_coal,,0,1,94,4,0,0,0,1,0,0,0,0,0,0,0,0,0,0,1,200,1,200,1.78,117,13.7,12.62,LN_Coal,0.4,1,1,0.6,0.6,8,8,0,1,,
"中石油吉林油田热电厂, CNPC Jilin power station 华能松原热电厂",2001,,JL,Songyuan,0,Huaneng Songyuan Cogen power station Unit 2,cogen_conventional_steam_coal,,0,1,95,3,0,0,0,1,0,0,0,0,0,0,0,0,0,0,1,50,1,50,1.78,117,13.7,12.18,JL_Coal,0.4,1,1,0.6,0.6,8,8,0,1,,
 内蒙古源源能源集团霍林郭勒金源口热电,2010,,IME,Tongliao,0,Jinyuankou Cogen power station Unit 3,cogen_conventional_steam_coal,,0,1,96,2,0,0,0,1,0,0,0,0,0,0,0,0,0,0,1,50,1,50,1.78,117,13.7,12.18,IME_Coal,0.4,1,1,0.6,0.6,8,8,0,1,,
"Ulanhot Xing'an-2 power station, 乌兰浩特第二热电 华能北方联合电力兴安热电",2008,,IME,Hinggan,0,Huaneng Hinggan-2 power station Unit 1,cogen_conventional_steam_coal,,0,1,97,2,0,0,0,1,0,0,0,0,0,0,0,0,0,0,1,50,1,50,1.78,117,13.7,11.31,IME_Coal,0.4,1,1,0.6,0.6,8,8,0,1,,
 国电电力大连开发区热电厂,2012,,LN,Dalian,0,Dalian ETDC power station Unit 1,cogen_conventional_steam_coal,,0,1,98,4,0,0,0,1,0,0,0,0,0,0,0,0,0,0,1,350,1,350,1.78,117,13.7,10.09,LN_Coal,0.4,1,1,0.6,0.6,8,8,0,1,,
 国电电力大连开发区热电厂,2012,,LN,Dalian,0,Dalian ETDC power station Unit 2,cogen_conventional_steam_coal,,0,1,99,4,0,0,0,1,0,0,0,0,0,0,0,0,0,0,1,350,1,350,1.78,117,13.7,10.09,LN_Coal,0.4,1,1,0.6,0.6,8,8,0,1,,
 大化集团大孤山自备热电厂,2008,,LN,Dalian,0,Dahua Dagushan power station Unit 1,cogen_conventional_steam_coal,both,1,1,100,4,0,0,0,1,0,0,0,0,0,0,0,0,0,0,1,60,1,60,1.78,117,13.7,11.19,LN_Coal,0.4,1,1,0.6,0.6,8,8,0,1,,
 大化集团大孤山自备热电厂,2008,,LN,Dalian,0,Dahua Dagushan power station Unit 2,cogen_conventional_steam_coal,both,1,1,101,4,0,0,0,1,0,0,0,0,0,0,0,0,0,0,1,60,1,60,1.78,117,13.7,11.19,LN_Coal,0.4,1,1,0.6,0.6,8,8,0,1,,
"Longhua Changchun (Unit 1, Unit 2), Changchun-4 power station (Unit 3, Unit 4) 国电吉林龙华长春热电一厂",2011,,JL,Changchun,0,Guodian Changchun power station Unit 1,cogen_conventional_steam_coal,,0,1,102,3,0,0,0,1,0,0,0,0,0,0,0,0,0,0,1,350,1,350,1.78,117,13.7,10.09,JL_Coal,0.4,1,1,0.6,0.6,8,8,0,1,,
"Longhua Changchun (Unit 1, Unit 2), Changchun-4 power station (Unit 3, Unit 4) 国电吉林龙华长春热电一厂",2012,,JL,Changchun,0,Guodian Changchun power station Unit 2,cogen_conventional_steam_coal,,0,1,103,3,0,0,0,1,0,0,0,0,0,0,0,0,0,0,1,350,1,350,1.78,117,13.7,10.09,JL_Coal,0.4,1,1,0.6,0.6,8,8,0,1,,
Huaneng Manzhouli Guangming power station 华能呼伦贝尔能源开发安泰海拉尔热电厂,2009,,IME,Hulunbuir,0,Hailar power station Unit 1,cogen_conventional_steam_coal,,0,1,104,2,0,0,0,1,0,0,0,0,0,0,0,0,0,0,1,200,1,200,1.78,117,13.7,11.31,IME_Coal,0.4,1,1,0.6,0.6,8,8,0,1,,
Huaneng Manzhouli Guangming power station 华能呼伦贝尔能源开发安泰海拉尔热电厂,2009,,IME,Hulunbuir,0,Hailar power station Unit 2,cogen_conventional_steam_coal,,0,1,105,2,0,0,0,1,0,0,0,0,0,0,0,0,0,0,1,200,1,200,1.78,117,13.7,11.31,IME_Coal,0.4,1,1,0.6,0.6,8,8,0,1,,
"国电哈尔滨热电公司平南热电厂, 国能黑龙江公司哈热二期2×660MW热电联产, Guodian Pingnan power station (Unit 1 & 2), Guoneng Harbin cogen power station (Phase II Unit 3 & 4) 国能哈尔滨热电厂",2013,,HL,Harbin,1,Harbin Pingnan cogen power station Unit 1,cogen_conventional_steam_coal,,0,1,106,1,0,0,0,1,0,0,0,0,0,0,0,0,0,0,1,350,1,350,1.78,117,13.7,10.09,HL_Coal,0.4,1,1,0.6,0.6,8,8,0,1,,
"国电哈尔滨热电公司平南热电厂, 国能黑龙江公司哈热二期2×660MW热电联产, Guodian Pingnan power station (Unit 1 & 2), Guoneng Harbin cogen power station (Phase II Unit 3 & 4) 国能哈尔滨热电厂",2014,,HL,Harbin,1,Harbin Pingnan cogen power station Unit 2,cogen_conventional_steam_coal,,0,1,107,1,0,0,0,1,0,0,0,0,0,0,0,0,0,0,1,350,1,350,1.78,117,13.7,10.09,HL_Coal,0.4,1,1,0.6,0.6,8,8,0,1,,
Huadian Harbin-1 power station 华电哈尔滨热电厂,2017,,HL,Harbin,0,Harbin-1 power station Unit 1,cogen_conventional_steam_coal,,0,1,108,1,0,0,0,1,0,0,0,0,0,0,0,0,0,0,1,350,1,350,1.78,117,13.7,9.57,HL_Coal,0.4,1,1,0.6,0.6,8,8,0,1,,
Huadian Harbin-1 power station 华电哈尔滨热电厂,2006,,HL,Harbin,0,Harbin-1 power station Unit 2,cogen_conventional_steam_coal,,0,1,109,1,0,0,0,1,0,0,0,0,0,0,0,0,0,0,1,300,1,300,1.78,117,13.7,10.44,HL_Coal,0.4,1,1,0.6,0.6,8,8,0,1,,
Huadian Harbin-1 power station 华电哈尔滨热电厂,2007,,HL,Harbin,0,Harbin-1 power station Unit 3,cogen_conventional_steam_coal,,0,1,110,1,0,0,0,1,0,0,0,0,0,0,0,0,0,0,1,300,1,300,1.78,117,13.7,10.44,HL_Coal,0.4,1,1,0.6,0.6,8,8,0,1,,
"Huadian Harbin-3 power station 华电哈尔滨第三发电厂 660MW“上大压小”热电联产机组, 华电哈尔滨第三发电厂",1986,,HL,Harbin,0,Harbin-3 power station Unit 1,cogen_conventional_steam_coal,,0,1,111,1,0,0,0,1,0,0,0,0,0,0,0,0,0,0,1,220,1,220,1.78,117,13.7,12.62,HL_Coal,0.4,1,1,0.6,0.6,8,8,0,1,,
"一电厂, Huadian Fulaerji-1 power station 华电富拉尔基热电厂",2016,,HL,Qiqihar,0,Fulaerji-1 power station,cogen_conventional_steam_coal,,0,1,112,1,0,0,0,1,0,0,0,0,0,0,0,0,0,0,1,350,1,350,1.78,117,13.7,9.25,HL_Coal,0.4,1,1,0.6,0.6,8,8,0,1,,
 中石油抚顺石化热电厂,2003,,LN,Fushun,0,CNPC Fushun Petrochemical power station Unit 1,cogen_conventional_steam_coal,both,1,1,113,4,0,0,0,1,0,0,0,0,0,0,0,0,0,0,1,60,1,60,1.78,117,13.7,12.18,LN_Coal,0.4,1,1,0.6,0.6,8,8,0,1,,
"Huadian Harbin-3 power station 华电哈尔滨第三发电厂 660MW“上大压小”热电联产机组, 华电哈尔滨第三发电厂",1987,,HL,Harbin,0,Harbin-3 power station Unit 2,cogen_conventional_steam_coal,,0,1,114,1,0,0,0,1,0,0,0,0,0,0,0,0,0,0,1,220,1,220,1.78,117,13.7,12.62,HL_Coal,0.4,1,1,0.6,0.6,8,8,0,1,,
"Huadian Harbin-3 power station 华电哈尔滨第三发电厂 660MW“上大压小”热电联产机组, 华电哈尔滨第三发电厂",1996,,HL,Harbin,0,Harbin-3 power station Unit 3,cogen_conventional_steam_coal,,0,1,115,1,0,0,0,1,0,0,0,0,0,0,0,0,0,0,1,600,1,600,1.78,117,13.7,10.44,HL_Coal,0.4,1,1,0.6,0.6,8,8,0,1,,
"Huadian Harbin-3 power station 华电哈尔滨第三发电厂 660MW“上大压小”热电联产机组, 华电哈尔滨第三发电厂",1999,,HL,Harbin,0,Harbin-3 power station Unit 4,cogen_conventional_steam_coal,,0,1,116,1,0,0,0,1,0,0,0,0,0,0,0,0,0,0,1,600,1,600,1.78,117,13.7,10.44,HL_Coal,0.4,1,1,0.6,0.6,8,8,0,1,,
 中石油抚顺石化热电厂,2000,,LN,Fushun,0,CNPC Fushun Petrochemical power station Unit 2,cogen_conventional_steam_coal,both,1,1,117,4,0,0,0,1,0,0,0,0,0,0,0,0,0,0,1,50,1,50,1.78,117,13.7,12.18,LN_Coal,0.4,1,1,0.6,0.6,8,8,0,1,,
 中石油抚顺石化热电厂,2012,,LN,Fushun,0,CNPC Fushun Petrochemical power station Unit 3,cogen_conventional_steam_coal,both,1,1,118,4,0,0,0,1,0,0,0,0,0,0,0,0,0,0,1,100,1,100,1.78,117,13.7,11.31,LN_Coal,0.4,1,1,0.6,0.6,8,8,0,1,,
 中石油抚顺石化热电厂,2012,,LN,Fushun,0,CNPC Fushun Petrochemical power station Unit 4,cogen_conventional_steam_coal,both,1,1,119,4,0,0,0,1,0,0,0,0,0,0,0,0,0,0,1,100,1,100,1.78,117,13.7,11.31,LN_Coal,0.4,1,1,0.6,0.6,8,8,0,1,,
 公主岭范家屯凯旋热电,2018,,JL,Siping,0,Fanjiatun Kaixuan Cogen power station Unit 1,cogen_conventional_steam_coal,,0,1,120,3,0,0,0,1,0,0,0,0,0,0,0,0,0,0,1,30,1,30,1.78,117,13.7,10.33,JL_Coal,0.4,1,1,0.6,0.6,8,8,0,1,,
 公主岭范家屯凯旋热电,2018,,JL,Siping,0,Fanjiatun Kaixuan Cogen power station Unit 2,cogen_conventional_steam_coal,,0,1,121,3,0,0,0,1,0,0,0,0,0,0,0,0,0,0,1,30,1,30,1.78,117,13.7,10.33,JL_Coal,0.4,1,1,0.6,0.6,8,8,0,1,,
 大唐哈尔滨第一热电厂,2010,,HL,Harbin,1,Datang Harbin Cogen power station Unit 1,cogen_conventional_steam_coal,,0,1,122,1,0,0,0,1,0,0,0,0,0,0,0,0,0,0,1,300,1,300,1.78,117,13.7,10.44,HL_Coal,0.4,1,1,0.6,0.6,8,8,0,1,,
 大唐哈尔滨第一热电厂,2010,,HL,Harbin,1,Datang Harbin Cogen power station Unit 2,cogen_conventional_steam_coal,,0,1,123,1,0,0,0,1,0,0,0,0,0,0,0,0,0,0,1,300,1,300,1.78,117,13.7,10.44,HL_Coal,0.4,1,1,0.6,0.6,8,8,0,1,,
 大唐双鸭山热电厂,2006,,HL,Shuangyashan,0,Datang Shuangyashan power station Unit 1,cogen_conventional_steam_coal,,0,1,124,1,0,0,0,1,0,0,0,0,0,0,0,0,0,0,1,200,1,200,1.78,117,13.7,11.31,HL_Coal,0.4,1,1,0.6,0.6,8,8,0,1,,
 国电电力大连开发区热电厂,1998,,LN,Dalian,0,Dalian ETDC power station Unit 3,cogen_conventional_steam_coal,,0,1,125,4,0,0,0,1,0,0,0,0,0,0,0,0,0,0,1,60,1,60,1.78,117,13.7,12.18,LN_Coal,0.4,1,1,0.6,0.6,8,8,0,1,,
 国电电力大连开发区热电厂,1999,,LN,Dalian,0,Dalian ETDC power station Unit 4,cogen_conventional_steam_coal,,0,1,126,4,0,0,0,1,0,0,0,0,0,0,0,0,0,0,1,60,1,60,1.78,117,13.7,12.18,LN_Coal,0.4,1,1,0.6,0.6,8,8,0,1,,
 国家电投大连发电公司甘井子热电厂,2010,,LN,Dalian,0,Dalian Ganjingzi power station Unit 1,cogen_conventional_steam_coal,,0,1,127,4,0,0,0,1,0,0,0,0,0,0,0,0,0,0,1,300,1,300,1.78,117,13.7,10.44,LN_Coal,0.4,1,1,0.6,0.6,8,8,0,1,,
 国家电投大连发电公司甘井子热电厂,2010,,LN,Dalian,0,Dalian Ganjingzi power station Unit 2,cogen_conventional_steam_coal,,0,1,128,4,0,0,0,1,0,0,0,0,0,0,0,0,0,0,1,300,1,300,1.78,117,13.7,10.44,LN_Coal,0.4,1,1,0.6,0.6,8,8,0,1,,
大庆油田热电厂上大压小热电联产项目 (Unit 4) 中石油大庆油田热电厂,1993,,HL,Daqing,0,Daqing Oil Central power station Unit 1,cogen_conventional_steam_coal,both,1,1,129,1,0,0,0,1,0,0,0,0,0,0,0,0,0,0,1,200,1,200,1.78,117,13.7,12.62,HL_Coal,0.4,1,1,0.6,0.6,8,8,0,1,,
大庆油田热电厂上大压小热电联产项目 (Unit 4) 中石油大庆油田热电厂,1992,,HL,Daqing,0,Daqing Oil Central power station Unit 2,cogen_conventional_steam_coal,both,1,1,130,1,0,0,0,1,0,0,0,0,0,0,0,0,0,0,1,200,1,200,1.78,117,13.7,12.62,HL_Coal,0.4,1,1,0.6,0.6,8,8,0,1,,
大庆油田热电厂上大压小热电联产项目 (Unit 4) 中石油大庆油田热电厂,1991,,HL,Daqing,0,Daqing Oil Central power station Unit 3,cogen_conventional_steam_coal,both,1,1,131,1,0,0,0,1,0,0,0,0,0,0,0,0,0,0,1,200,1,200,1.78,117,13.7,12.62,HL_Coal,0.4,1,1,0.6,0.6,8,8,0,1,,
大庆高新区林源化工园区热电站 大庆林源热电厂,2021,,HL,Daqing,0,Daqing Hegong Linyuan power station Unit 1,cogen_conventional_steam_coal,both,1,1,132,1,0,0,0,1,0,0,0,0,0,0,0,0,0,0,1,50,1,50,1.78,117,13.7,10.33,HL_Coal,0.4,1,1,0.6,0.6,8,8,0,1,,
大庆高新区林源化工园区热电站 大庆林源热电厂,2020,,HL,Daqing,0,Daqing Hegong Linyuan power station Unit 2,cogen_conventional_steam_coal,both,1,1,133,1,0,0,0,1,0,0,0,0,0,0,0,0,0,0,1,50,1,50,1.78,117,13.7,10.33,HL_Coal,0.4,1,1,0.6,0.6,8,8,0,1,,
 中石油大庆石化热电厂,1987,,HL,Daqing,0,Daqing Ethylene Plant power station Unit 1,cogen_conventional_steam_coal,both,1,1,134,1,0,0,0,1,0,0,0,0,0,0,0,0,0,0,1,40,1,40,1.78,117,13.7,12.62,HL_Coal,0.4,1,1,0.6,0.6,8,8,0,1,,
 中石油大庆石化热电厂,1987,,HL,Daqing,0,Daqing Ethylene Plant power station Unit 2,cogen_conventional_steam_coal,both,1,1,135,1,0,0,0,1,0,0,0,0,0,0,0,0,0,0,1,40,1,40,1.78,117,13.7,12.62,HL_Coal,0.4,1,1,0.6,0.6,8,8,0,1,,
 中石油大庆石化热电厂,1986,,HL,Daqing,0,Daqing Ethylene Plant power station Unit 3,cogen_conventional_steam_coal,both,1,1,136,1,0,0,0,1,0,0,0,0,0,0,0,0,0,0,1,40,1,40,1.78,117,13.7,12.62,HL_Coal,0.4,1,1,0.6,0.6,8,8,0,1,,
抚顺热电新建项目（New Fushun Cogen Power Station） 抚顺矿业中机热电,2017,,LN,Fushun,0,Fushun Zhongji power station Unit 1,cogen_conventional_steam_coal,,1,1,137,4,0,0,0,1,0,0,0,0,0,0,0,0,0,0,1,300,1,300,1.78,117,13.7,9.57,LN_Coal,0.4,1,1,0.6,0.6,8,8,0,1,,
抚顺热电新建项目（New Fushun Cogen Power Station） 抚顺矿业中机热电,2017,,LN,Fushun,0,Fushun Zhongji power station Unit 2,cogen_conventional_steam_coal,,1,1,138,4,0,0,0,1,0,0,0,0,0,0,0,0,0,0,1,300,1,300,1.78,117,13.7,9.57,LN_Coal,0.4,1,1,0.6,0.6,8,8,0,1,,
 中石油大庆石化热电厂,1986,,HL,Daqing,0,Daqing Ethylene Plant power station Unit 4,cogen_conventional_steam_coal,both,1,1,139,1,0,0,0,1,0,0,0,0,0,0,0,0,0,0,1,40,1,40,1.78,117,13.7,12.62,HL_Coal,0.4,1,1,0.6,0.6,8,8,0,1,,
 中石油大庆石化热电厂,1985,,HL,Daqing,0,Daqing Ethylene Plant power station Unit 5,cogen_conventional_steam_coal,both,1,1,140,1,0,0,0,1,0,0,0,0,0,0,0,0,0,0,1,40,1,40,1.78,117,13.7,12.62,HL_Coal,0.4,1,1,0.6,0.6,8,8,0,1,,
 中石油大庆石化热电厂,1986,,HL,Daqing,0,Daqing Ethylene Plant power station Unit 6,cogen_conventional_steam_coal,both,1,1,141,1,0,0,0,1,0,0,0,0,0,0,0,0,0,0,1,40,1,40,1.78,117,13.7,12.62,HL_Coal,0.4,1,1,0.6,0.6,8,8,0,1,,
 大唐双鸭山热电厂,2006,,HL,Shuangyashan,0,Datang Shuangyashan power station Unit 2,cogen_conventional_steam_coal,,0,1,142,1,0,0,0,1,0,0,0,0,0,0,0,0,0,0,1,200,1,200,1.78,117,13.7,11.31,HL_Coal,0.4,1,1,0.6,0.6,8,8,0,1,,
 中石油大庆石化热电厂,1986,,HL,Daqing,0,Daqing Ethylene Plant power station Unit 7,cogen_conventional_steam_coal,both,1,1,143,1,0,0,0,1,0,0,0,0,0,0,0,0,0,0,1,40,1,40,1.78,117,13.7,12.62,HL_Coal,0.4,1,1,0.6,0.6,8,8,0,1,,
大唐国际沈抚连接带热电厂 大唐国际沈东热电厂,2018,,LN,Shenyang,0,Dangtang Shendong power station Unit 1,cogen_conventional_steam_coal,,0,1,144,4,0,0,0,1,0,0,0,0,0,0,0,0,0,0,1,350,1,350,1.78,117,13.7,9.25,LN_Coal,0.4,1,1,0.6,0.6,8,8,0,1,,
大唐国际沈抚连接带热电厂 大唐国际沈东热电厂,2018,,LN,Shenyang,0,Dangtang Shendong power station Unit 2,cogen_conventional_steam_coal,,0,1,145,4,0,0,0,1,0,0,0,0,0,0,0,0,0,0,1,350,1,350,1.78,117,13.7,9.25,LN_Coal,0.4,1,1,0.6,0.6,8,8,0,1,,
 中石油大庆油田宏伟热电厂,1997,,HL,Daqing,0,Daqing Oil Hongwei power station Unit 1,cogen_conventional_steam_coal,both,1,1,146,1,0,0,0,1,0,0,0,0,0,0,0,0,0,0,1,50,1,50,1.78,117,13.7,12.18,HL_Coal,0.4,1,1,0.6,0.6,8,8,0,1,,
 中石油大庆油田宏伟热电厂,2004,,HL,Daqing,0,Daqing Oil Hongwei power station Unit 2,cogen_conventional_steam_coal,both,1,1,147,1,0,0,0,1,0,0,0,0,0,0,0,0,0,0,1,100,1,100,1.78,117,13.7,12.18,HL_Coal,0.4,1,1,0.6,0.6,8,8,0,1,,
阜新金山煤矸石热电有限公司煤矸石热电厂 华电金山阜新煤矸石发电厂,2007,,LN,Fuxin,0,Fuxin Jinshan power station Unit 1,cogen_conventional_steam_coal,,0,1,148,4,0,0,0,1,0,0,0,0,0,0,0,0,0,0,1,150,1,150,1.78,117,13.7,11.31,LN_Coal,0.4,1,1,0.6,0.6,8,8,0,1,,
阜新金山煤矸石热电有限公司煤矸石热电厂 华电金山阜新煤矸石发电厂,2007,,LN,Fuxin,0,Fuxin Jinshan power station Unit 2,cogen_conventional_steam_coal,,0,1,149,4,0,0,0,1,0,0,0,0,0,0,0,0,0,0,1,150,1,150,1.78,117,13.7,11.31,LN_Coal,0.4,1,1,0.6,0.6,8,8,0,1,,
阜新金山煤矸石热电有限公司煤矸石热电厂 华电金山阜新煤矸石发电厂,2007,,LN,Fuxin,0,Fuxin Jinshan power station Unit 3,cogen_conventional_steam_coal,,0,1,150,4,0,0,0,1,0,0,0,0,0,0,0,0,0,0,1,150,1,150,1.78,117,13.7,11.31,LN_Coal,0.4,1,1,0.6,0.6,8,8,0,1,,
阜新金山煤矸石热电有限公司煤矸石热电厂 华电金山阜新煤矸石发电厂,2007,,LN,Fuxin,0,Fuxin Jinshan power station Unit 4,cogen_conventional_steam_coal,,0,1,151,4,0,0,0,1,0,0,0,0,0,0,0,0,0,0,1,150,1,150,1.78,117,13.7,11.31,LN_Coal,0.4,1,1,0.6,0.6,8,8,0,1,,
 华电丹东金山热电厂,2012,,LN,Dandong,1,Dandong Jinshan power station Unit 1,cogen_conventional_steam_coal,,0,1,152,4,0,0,0,1,0,0,0,0,0,0,0,0,0,0,1,300,1,300,1.78,117,13.7,10.44,LN_Coal,0.4,1,1,0.6,0.6,8,8,0,1,,
 华电丹东金山热电厂,2012,,LN,Dandong,1,Dandong Jinshan power station Unit 2,cogen_conventional_steam_coal,,0,1,153,4,0,0,0,1,0,0,0,0,0,0,0,0,0,0,1,300,1,300,1.78,117,13.7,10.44,LN_Coal,0.4,1,1,0.6,0.6,8,8,0,1,,
 国家电投大连泰山热电厂,2006,,LN,Dalian,0,Dalian Taishan power station Unit 1,cogen_conventional_steam_coal,,0,1,154,4,0,0,0,1,0,0,0,0,0,0,0,0,0,0,1,135,1,135,1.78,117,13.7,11.31,LN_Coal,0.4,1,1,0.6,0.6,8,8,0,1,,
 国家电投大连泰山热电厂,2005,,LN,Dalian,0,Dalian Taishan power station Unit 2,cogen_conventional_steam_coal,,0,1,155,4,0,0,0,1,0,0,0,0,0,0,0,0,0,0,1,135,1,135,1.78,117,13.7,11.31,LN_Coal,0.4,1,1,0.6,0.6,8,8,0,1,,
Dalian Hong Sea power station 大连热电集团北海热电厂,1987,,LN,Dalian,0,Dalian Heung Hoi power station,cogen_conventional_steam_coal,,0,1,156,4,0,0,0,1,0,0,0,0,0,0,0,0,0,0,1,50,1,50,1.78,117,13.7,12.62,LN_Coal,0.4,1,1,0.6,0.6,8,8,0,1,,
 中石油大庆石化热电厂,1986,,HL,Daqing,0,Daqing Ethylene Plant power station Unit 8,cogen_conventional_steam_coal,both,1,1,157,1,0,0,0,1,0,0,0,0,0,0,0,0,0,0,1,40,1,40,1.78,117,13.7,12.62,HL_Coal,0.4,1,1,0.6,0.6,8,8,0,1,,
大庆油田热电厂上大压小热电联产项目 (Unit 4) 中石油大庆油田热电厂,2013,,HL,Daqing,0,Daqing Oil Central power station Unit 4,cogen_conventional_steam_coal,both,1,1,158,1,0,0,0,1,0,0,0,0,0,0,0,0,0,0,1,300,1,300,1.78,117,13.7,10.44,HL_Coal,0.4,1,1,0.6,0.6,8,8,0,1,,
 中石油大庆油田宏伟热电厂,1997,,HL,Daqing,0,Daqing Oil Hongwei power station Unit 3,cogen_conventional_steam_coal,both,1,1,159,1,0,0,0,1,0,0,0,0,0,0,0,0,0,0,1,50,1,50,1.78,117,13.7,12.18,HL_Coal,0.4,1,1,0.6,0.6,8,8,0,1,,
" 大唐长春二热退城进郊2×660MW煤电项目, 大唐长春第二热电厂",2007,,JL,Changchun,0,Changchun-2 power station Unit 1,cogen_conventional_steam_coal,,0,1,160,3,0,0,0,1,0,0,0,0,0,0,0,0,0,0,1,220,1,220,1.78,117,13.7,11.31,JL_Coal,0.4,1,1,0.6,0.6,8,8,0,1,,
"大唐长春第三热电厂背压机组 (Unit 3, Unit 4) 大唐长春第三热电厂",2009,,JL,Changchun,0,Changchun-3 power station Unit 1,cogen_conventional_steam_coal,,0,1,161,3,0,0,0,1,0,0,0,0,0,0,0,0,0,0,1,300,1,300,1.78,117,13.7,10.44,JL_Coal,0.4,1,1,0.6,0.6,8,8,0,1,,
"大唐长春第三热电厂背压机组 (Unit 3, Unit 4) 大唐长春第三热电厂",2009,,JL,Changchun,0,Changchun-3 power station Unit 2,cogen_conventional_steam_coal,,0,1,162,3,0,0,0,1,0,0,0,0,0,0,0,0,0,0,1,300,1,300,1.78,117,13.7,10.44,JL_Coal,0.4,1,1,0.6,0.6,8,8,0,1,,
"中石油吉林油田热电厂, CNPC Jilin power station 华能松原热电厂",2000,,JL,Songyuan,0,Huaneng Songyuan Cogen power station Unit 3,cogen_conventional_steam_coal,,0,1,163,3,0,0,0,1,0,0,0,0,0,0,0,0,0,0,1,50,1,50,1.78,117,13.7,12.18,JL_Coal,0.4,1,1,0.6,0.6,8,8,0,1,,
" 大唐长春二热退城进郊2×660MW煤电项目, 大唐长春第二热电厂",2007,,JL,Changchun,0,Changchun-2 power station Unit 2,cogen_conventional_steam_coal,,0,1,164,3,0,0,0,1,0,0,0,0,0,0,0,0,0,0,1,220,1,220,1.78,117,13.7,11.31,JL_Coal,0.4,1,1,0.6,0.6,8,8,0,1,,
" 大唐长春二热退城进郊2×660MW煤电项目, 大唐长春第二热电厂",2005,,JL,Changchun,0,Changchun-2 power station Unit 3,cogen_conventional_steam_coal,,0,1,165,3,0,0,0,1,0,0,0,0,0,0,0,0,0,0,1,220,1,220,1.78,117,13.7,11.31,JL_Coal,0.4,1,1,0.6,0.6,8,8,0,1,,
 辽宁能源控股集团红阳热电厂,2010,,LN,Liaoyang,0,Hongyang cogen power station Unit 1,cogen_conventional_steam_coal,,0,1,166,4,0,0,0,1,0,0,0,0,0,0,0,0,0,0,1,300,1,300,1.78,117,13.7,10.44,LN_Coal,0.4,1,1,0.6,0.6,8,8,0,1,,
 辽宁能源控股集团红阳热电厂,2010,,LN,Liaoyang,0,Hongyang cogen power station Unit 2,cogen_conventional_steam_coal,,0,1,167,4,0,0,0,1,0,0,0,0,0,0,0,0,0,0,1,300,1,300,1.78,117,13.7,10.44,LN_Coal,0.4,1,1,0.6,0.6,8,8,0,1,,
Kaibo Cogen power station 舒兰宏源煤矸石热电,2018,,JL,Jilin,0,Hongyuan Waste Coal Cogen power station Unit 1,cogen_conventional_steam_coal,,0,1,168,3,0,0,0,1,0,0,0,0,0,0,0,0,0,0,1,35,1,35,1.78,117,13.7,10.33,JL_Coal,0.4,1,1,0.6,0.6,8,8,0,1,,
Kaibo Cogen power station 舒兰宏源煤矸石热电,2018,,JL,Jilin,0,Hongyuan Waste Coal Cogen power station Unit 2,cogen_conventional_steam_coal,,0,1,169,3,0,0,0,1,0,0,0,0,0,0,0,0,0,0,1,35,1,35,1.78,117,13.7,10.33,JL_Coal,0.4,1,1,0.6,0.6,8,8,0,1,,
 华能长春热电厂,2009,,JL,Changchun,1,Huaneng Changchun power station Unit 1,cogen_conventional_steam_coal,,0,1,170,3,0,0,0,1,0,0,0,0,0,0,0,0,0,0,1,350,1,350,1.78,117,13.7,10.09,JL_Coal,0.4,1,1,0.6,0.6,8,8,0,1,,
 华能长春热电厂,2010,,JL,Changchun,1,Huaneng Changchun power station Unit 2,cogen_conventional_steam_coal,,0,1,171,3,0,0,0,1,0,0,0,0,0,0,0,0,0,0,1,350,1,350,1.78,117,13.7,10.09,JL_Coal,0.4,1,1,0.6,0.6,8,8,0,1,,
" 大唐长春二热退城进郊2×660MW煤电项目, 大唐长春第二热电厂",2005,,JL,Changchun,0,Changchun-2 power station Unit 4,cogen_conventional_steam_coal,,0,1,172,3,0,0,0,1,0,0,0,0,0,0,0,0,0,0,1,220,1,220,1.78,117,13.7,11.31,JL_Coal,0.4,1,1,0.6,0.6,8,8,0,1,,
" 大唐长春二热退城进郊2×660MW煤电项目, 大唐长春第二热电厂",1992,,JL,Changchun,0,Changchun-2 power station Unit 5,cogen_conventional_steam_coal,,0,1,173,3,0,0,0,1,0,0,0,0,0,0,0,0,0,0,1,220,1,220,1.78,117,13.7,12.62,JL_Coal,0.4,1,1,0.6,0.6,8,8,0,1,,
" 大唐长春二热退城进郊2×660MW煤电项目, 大唐长春第二热电厂",1991,,JL,Changchun,0,Changchun-2 power station Unit 6,cogen_conventional_steam_coal,,0,1,174,3,0,0,0,1,0,0,0,0,0,0,0,0,0,0,1,220,1,220,1.78,117,13.7,12.62,JL_Coal,0.4,1,1,0.6,0.6,8,8,0,1,,
长春热电五厂 国家电投吉电股份长春东南热电厂,2018,,JL,Changchun,0,Changchun Southeast power station Unit 1,cogen_conventional_steam_coal,,0,1,175,3,0,0,0,1,0,0,0,0,0,0,0,0,0,0,1,350,1,350,1.78,117,13.7,9.25,JL_Coal,0.4,1,1,0.6,0.6,8,8,0,1,,
长春热电五厂 国家电投吉电股份长春东南热电厂,2018,,JL,Changchun,0,Changchun Southeast power station Unit 2,cogen_conventional_steam_coal,,0,1,176,3,0,0,0,1,0,0,0,0,0,0,0,0,0,0,1,350,1,350,1.78,117,13.7,9.25,JL_Coal,0.4,1,1,0.6,0.6,8,8,0,1,,
 华能呼伦贝尔能源开发安泰热电公司东海拉尔发电厂,1983,,IME,Hulunbuir,0,East Hailar power station Unit 1,cogen_conventional_steam_coal,,0,1,177,2,0,0,0,1,0,0,0,0,0,0,0,0,0,0,1,50,1,50,1.78,117,13.7,12.48,IME_Coal,0.4,1,1,0.6,0.6,8,8,0,1,,
 华能大庆热电厂,2013,,HL,Daqing,0,Huaneng Daqing power station Unit 1,cogen_conventional_steam_coal,,0,1,178,1,0,0,0,1,0,0,0,0,0,0,0,0,0,0,1,350,1,350,1.78,117,13.7,10.09,HL_Coal,0.4,1,1,0.6,0.6,8,8,0,1,,
 华能大庆热电厂,2013,,HL,Daqing,0,Huaneng Daqing power station Unit 2,cogen_conventional_steam_coal,,0,1,179,1,0,0,0,1,0,0,0,0,0,0,0,0,0,0,1,350,1,350,1.78,117,13.7,10.09,HL_Coal,0.4,1,1,0.6,0.6,8,8,0,1,,
 华能呼伦贝尔能源开发安泰热电公司东海拉尔发电厂,1983,,IME,Hulunbuir,0,East Hailar power station Unit 2,cogen_conventional_steam_coal,,0,1,180,2,0,0,0,1,0,0,0,0,0,0,0,0,0,0,1,50,1,50,1.78,117,13.7,12.48,IME_Coal,0.4,1,1,0.6,0.6,8,8,0,1,,
 国家电投本溪热电,2018,,LN,Benxi,1,Benxi Cogen power station Unit 1,cogen_conventional_steam_coal,,0,1,181,4,0,0,0,1,0,0,0,0,0,0,0,0,0,0,1,350,1,350,1.78,117,13.7,9.25,LN_Coal,0.4,1,1,0.6,0.6,8,8,0,1,,
 国家电投本溪热电,2018,,LN,Benxi,1,Benxi Cogen power station Unit 2,cogen_conventional_steam_coal,,0,1,182,4,0,0,0,1,0,0,0,0,0,0,0,0,0,0,1,350,1,350,1.78,117,13.7,9.25,LN_Coal,0.4,1,1,0.6,0.6,8,8,0,1,,
" 国电北安热电厂, 国能北安2×350MW热电联产扩建工程",1997,,HL,Heihe,0,Bei'an power station Unit 1,cogen_conventional_steam_coal,,0,1,183,1,0,0,0,1,0,0,0,0,0,0,0,0,0,0,1,50,1,50,1.78,117,13.7,12.18,HL_Coal,0.4,1,1,0.6,0.6,8,8,0,1,,
" 国电北安热电厂, 国能北安2×350MW热电联产扩建工程",1997,,HL,Heihe,0,Bei'an power station Unit 2,cogen_conventional_steam_coal,,0,1,184,1,0,0,0,1,0,0,0,0,0,0,0,0,0,0,1,50,1,50,1.78,117,13.7,12.18,HL_Coal,0.4,1,1,0.6,0.6,8,8,0,1,,
"大连开发区第二热电 (Unit 3, Unit 4), 华能大连热电 (Unit 3, Unit 4), 华能大连第二热电厂“上大压小”新建工程 华能大连第二热电厂",2020,,LN,Dalian,0,Huaneng Dalian-2 power station Unit 1,cogen_conventional_steam_coal,both,1,1,185,4,0,0,0,1,0,0,0,0,0,0,0,0,0,0,1,50,1,50,1.78,117,13.7,10.44,LN_Coal,0.4,1,1,0.6,0.6,8,8,0,1,,
"大唐长春第三热电厂背压机组 (Unit 3, Unit 4) 大唐长春第三热电厂",2018,,JL,Changchun,0,Changchun-3 power station Unit 3,cogen_conventional_steam_coal,,0,1,186,3,0,0,0,1,0,0,0,0,0,0,0,0,0,0,1,80,1,80,1.78,117,13.7,10.44,JL_Coal,0.4,1,1,0.6,0.6,8,8,0,1,,
安达鑫玛热电 鑫玛热电集团安达热电,2014,,HL,Suihua,0,Anda Cogen power station Unit 2,cogen_conventional_steam_coal,,0,1,187,1,0,0,0,1,0,0,0,0,0,0,0,0,0,0,1,50,1,50,1.78,117,13.7,11.31,HL_Coal,0.4,1,1,0.6,0.6,8,8,0,1,,
"乌兰浩特第一热电, Ulanhot Xing'an-1 power station 华能北方联合电力兴安热电",2008,,IME,Hinggan,0,Huaneng Hinggan-1 power station Unit 1,cogen_conventional_steam_coal,,0,1,188,2,0,0,0,1,0,0,0,0,0,0,0,0,0,0,1,50,1,50,1.78,117,13.7,11.31,IME_Coal,0.4,1,1,0.6,0.6,8,8,0,1,,
吉能松原长山1×660MW超超临界燃煤发电项目 (Unit 11) 大唐长山热电厂,2014,,JL,Songyuan,0,Changshan power station,cogen_conventional_steam_coal,,0,1,189,3,0,0,0,1,0,0,0,0,0,0,0,0,0,0,1,660,1,660,1.78,117,13.7,9.25,JL_Coal,0.4,1,1,0.6,0.6,8,8,0,1,,
"Ulanhot Xing'an-2 power station, 乌兰浩特第二热电 华能北方联合电力兴安热电",2008,,IME,Hinggan,0,Huaneng Hinggan-2 power station Unit 2,cogen_conventional_steam_coal,,0,1,190,2,0,0,0,1,0,0,0,0,0,0,0,0,0,0,1,50,1,50,1.78,117,13.7,11.31,IME_Coal,0.4,1,1,0.6,0.6,8,8,0,1,,
"通化热电 (Phase II Unit 1, Phase II Unit 2) 国家电投吉电股份二道江发电厂",2002,,JL,Tonghua,0,Erdaojiang power station Unit 1,cogen_conventional_steam_coal,,0,1,191,3,0,0,0,1,0,0,0,0,0,0,0,0,0,0,1,100,1,100,1.78,117,13.7,12.18,JL_Coal,0.4,1,1,0.6,0.6,8,8,0,1,,
 国家电投赤峰新城热电,2017,,IME,Chifeng,0,Chifeng New City Region power station Unit 1,cogen_conventional_steam_coal,,0,1,192,2,0,0,0,1,0,0,0,0,0,0,0,0,0,0,1,300,1,300,1.78,117,13.7,9.57,IME_Coal,0.4,1,1,0.6,0.6,8,8,0,1,,
"龙煤鹤岗矿业热电厂 (Unit 3, Unit 4), 龙煤鹤岗矿业立达矸石电厂 (Unit 1, Unit 2), 龙煤鹤岗矿业煤矸石热电厂 (Unit 5, Unit 6) 龙煤鹤岗矿业热电厂",1992,,HL,Hegang,0,Heilongjiang Hegang Mining power station Unit 1,cogen_conventional_steam_coal,,1,1,193,1,0,0,0,1,0,0,0,0,0,0,0,0,0,0,1,50,1,50,1.78,117,13.7,12.62,HL_Coal,0.4,1,1,0.6,0.6,8,8,0,1,,
"龙煤鹤岗矿业热电厂 (Unit 3, Unit 4), 龙煤鹤岗矿业立达矸石电厂 (Unit 1, Unit 2), 龙煤鹤岗矿业煤矸石热电厂 (Unit 5, Unit 6) 龙煤鹤岗矿业热电厂",1992,,HL,Hegang,0,Heilongjiang Hegang Mining power station Unit 2,cogen_conventional_steam_coal,,1,1,194,1,0,0,0,1,0,0,0,0,0,0,0,0,0,0,1,50,1,50,1.78,117,13.7,12.62,HL_Coal,0.4,1,1,0.6,0.6,8,8,0,1,,
"龙煤鹤岗矿业热电厂 (Unit 3, Unit 4), 龙煤鹤岗矿业立达矸石电厂 (Unit 1, Unit 2), 龙煤鹤岗矿业煤矸石热电厂 (Unit 5, Unit 6) 龙煤鹤岗矿业热电厂",2009,,HL,Hegang,0,Heilongjiang Hegang Mining power station Unit 3,cogen_conventional_steam_coal,,1,1,195,1,0,0,0,1,0,0,0,0,0,0,0,0,0,0,1,50,1,50,1.78,117,13.7,11.31,HL_Coal,0.4,1,1,0.6,0.6,8,8,0,1,,
"龙煤鹤岗矿业热电厂 (Unit 3, Unit 4), 龙煤鹤岗矿业立达矸石电厂 (Unit 1, Unit 2), 龙煤鹤岗矿业煤矸石热电厂 (Unit 5, Unit 6) 龙煤鹤岗矿业热电厂",2009,,HL,Hegang,0,Heilongjiang Hegang Mining power station Unit 4,cogen_conventional_steam_coal,,1,1,196,1,0,0,0,1,0,0,0,0,0,0,0,0,0,0,1,50,1,50,1.78,117,13.7,11.31,HL_Coal,0.4,1,1,0.6,0.6,8,8,0,1,,
 国家电投赤峰新城热电,2017,,IME,Chifeng,0,Chifeng New City Region power station Unit 2,cogen_conventional_steam_coal,,0,1,197,2,0,0,0,1,0,0,0,0,0,0,0,0,0,0,1,300,1,300,1.78,117,13.7,9.57,IME_Coal,0.4,1,1,0.6,0.6,8,8,0,1,,
 赤峰富龙热电,2020,,IME,Chifeng,0,Chifeng Fulong Cogen power station Unit 1,cogen_conventional_steam_coal,,0,1,198,2,0,0,0,1,0,0,0,0,0,0,0,0,0,0,1,50,1,50,1.78,117,13.7,10.44,IME_Coal,0.4,1,1,0.6,0.6,8,8,0,1,,
 华电齐齐哈尔热电厂,2007,,HL,Qiqihar,0,Heilongjiang Qiqihar power station Unit 1,cogen_conventional_steam_coal,,0,1,199,1,0,0,0,1,0,0,0,0,0,0,0,0,0,0,1,300,1,300,1.78,117,13.7,10.44,HL_Coal,0.4,1,1,0.6,0.6,8,8,0,1,,
 华电齐齐哈尔热电厂,2007,,HL,Qiqihar,0,Heilongjiang Qiqihar power station Unit 2,cogen_conventional_steam_coal,,0,1,200,1,0,0,0,1,0,0,0,0,0,0,0,0,0,0,1,300,1,300,1.78,117,13.7,10.44,HL_Coal,0.4,1,1,0.6,0.6,8,8,0,1,,
 赤峰富龙热电,2020,,IME,Chifeng,0,Chifeng Fulong Cogen power station Unit 2,cogen_conventional_steam_coal,,0,1,201,2,0,0,0,1,0,0,0,0,0,0,0,0,0,0,1,50,1,50,1.78,117,13.7,10.44,IME_Coal,0.4,1,1,0.6,0.6,8,8,0,1,,
 赤峰经济开发区自备热电联产项目,2021,,IME,Chifeng,0,Chifeng Economic Development Zone Captive Cogen power station Unit 1,cogen_conventional_steam_coal,both,1,1,202,2,0,0,0,1,0,0,0,0,0,0,0,0,0,0,1,350,1,350,1.78,117,13.7,9.25,IME_Coal,0.4,1,1,0.6,0.6,8,8,0,1,,
 赤峰经济开发区自备热电联产项目,2021,,IME,Chifeng,0,Chifeng Economic Development Zone Captive Cogen power station Unit 2,cogen_conventional_steam_coal,both,1,1,203,2,0,0,0,1,0,0,0,0,0,0,0,0,0,0,1,350,1,350,1.78,117,13.7,9.25,IME_Coal,0.4,1,1,0.6,0.6,8,8,0,1,,
"通化热电 (Phase II Unit 1, Phase II Unit 2) 国家电投吉电股份二道江发电厂",1992,,JL,Tonghua,0,Erdaojiang power station Unit 2,cogen_conventional_steam_coal,,0,1,204,3,0,0,0,1,0,0,0,0,0,0,0,0,0,0,1,100,1,100,1.78,117,13.7,12.62,JL_Coal,0.4,1,1,0.6,0.6,8,8,0,1,,
"通化热电 (Phase II Unit 1, Phase II Unit 2) 国家电投吉电股份二道江发电厂",2007,,JL,Tonghua,0,Erdaojiang power station Unit 3,cogen_conventional_steam_coal,,0,1,205,3,0,0,0,1,0,0,0,0,0,0,0,0,0,0,1,200,1,200,1.78,117,13.7,11.31,JL_Coal,0.4,1,1,0.6,0.6,8,8,0,1,,
 国家电投内蒙能源赤峰热电厂B厂,2007,,IME,Chifeng,0,Chifeng Cogen power station Unit 1,cogen_conventional_steam_coal,,0,1,206,2,0,0,0,1,0,0,0,0,0,0,0,0,0,0,1,135,1,135,1.78,117,13.7,11.31,IME_Coal,0.4,1,1,0.6,0.6,8,8,0,1,,
 国家电投内蒙能源赤峰热电厂B厂,2007,,IME,Chifeng,0,Chifeng Cogen power station Unit 2,cogen_conventional_steam_coal,,0,1,207,2,0,0,0,1,0,0,0,0,0,0,0,0,0,0,1,135,1,135,1.78,117,13.7,11.31,IME_Coal,0.4,1,1,0.6,0.6,8,8,0,1,,
"通化热电 (Phase II Unit 1, Phase II Unit 2) 国家电投吉电股份二道江发电厂",2007,,JL,Tonghua,0,Erdaojiang power station Unit 4,cogen_conventional_steam_coal,,0,1,208,3,0,0,0,1,0,0,0,0,0,0,0,0,0,0,1,200,1,200,1.78,117,13.7,11.31,JL_Coal,0.4,1,1,0.6,0.6,8,8,0,1,,
 华能呼伦贝尔能源开发安泰热电公司东海拉尔发电厂,2005,,IME,Hulunbuir,0,East Hailar power station Unit 3,cogen_conventional_steam_coal,,0,1,209,2,0,0,0,1,0,0,0,0,0,0,0,0,0,0,1,50,1,50,1.78,117,13.7,11.19,IME_Coal,0.4,1,1,0.6,0.6,8,8,0,1,,
 国电电力朝阳热电,2018,,LN,Chaoyang,0,Chaoyang GDP power station Unit 1,cogen_conventional_steam_coal,,0,1,210,4,0,0,0,1,0,0,0,0,0,0,0,0,0,0,1,350,1,350,1.78,117,13.7,9.25,LN_Coal,0.4,1,1,0.6,0.6,8,8,0,1,,
 国电电力朝阳热电,2017,,LN,Chaoyang,0,Chaoyang GDP power station Unit 2,cogen_conventional_steam_coal,,0,1,211,4,0,0,0,1,0,0,0,0,0,0,0,0,0,0,1,350,1,350,1.78,117,13.7,9.25,LN_Coal,0.4,1,1,0.6,0.6,8,8,0,1,,
 长兴岛恒力石化热电厂,2012,,LN,Dalian,0,Changxing Island Hengli Petrochemical power station Unit 1,cogen_conventional_steam_coal,both,1,1,212,4,0,0,0,1,0,0,0,0,0,0,0,0,0,0,1,60,1,60,1.78,117,13.7,11.31,LN_Coal,0.4,1,1,0.6,0.6,8,8,0,1,,
 长兴岛恒力石化热电厂,2012,,LN,Dalian,0,Changxing Island Hengli Petrochemical power station Unit 2,cogen_conventional_steam_coal,both,1,1,213,4,0,0,0,1,0,0,0,0,0,0,0,0,0,0,1,60,1,60,1.78,117,13.7,11.31,LN_Coal,0.4,1,1,0.6,0.6,8,8,0,1,,
"乌兰浩特第一热电, Ulanhot Xing'an-1 power station 华能北方联合电力兴安热电",2008,,IME,Hinggan,0,Huaneng Hinggan-1 power station Unit 2,cogen_conventional_steam_coal,,0,1,214,2,0,0,0,1,0,0,0,0,0,0,0,0,0,0,1,50,1,50,1.78,117,13.7,11.31,IME_Coal,0.4,1,1,0.6,0.6,8,8,0,1,,
"大唐长春第三热电厂背压机组 (Unit 3, Unit 4) 大唐长春第三热电厂",2018,,JL,Changchun,0,Changchun-3 power station Unit 4,cogen_conventional_steam_coal,,0,1,215,3,0,0,0,1,0,0,0,0,0,0,0,0,0,0,1,80,1,80,1.78,117,13.7,10.44,JL_Coal,0.4,1,1,0.6,0.6,8,8,0,1,,
"大连开发区第二热电 (Unit 3, Unit 4), 华能大连热电 (Unit 3, Unit 4), 华能大连第二热电厂“上大压小”新建工程 华能大连第二热电厂",2020,,LN,Dalian,0,Huaneng Dalian-2 power station Unit 2,cogen_conventional_steam_coal,both,1,1,216,4,0,0,0,1,0,0,0,0,0,0,0,0,0,0,1,50,1,50,1.78,117,13.7,10.44,LN_Coal,0.4,1,1,0.6,0.6,8,8,0,1,,
 华能国际营口电厂,2007,,LN,Yingkou,0,Yingkou power station Unit 1,conventional_steam_coal,,0,1,217,4,0,0,0,1,0,0,0,0,0,0,0,0,0,0,1,600,1,600,1.78,117,13.7,9.1,LN_Coal,0.4,1,1,0.6,0.6,8,8,0,1,,
 华能国际营口电厂,1996,,LN,Yingkou,0,Yingkou power station Unit 2,conventional_steam_coal,,0,1,218,4,0,0,0,1,0,0,0,0,0,0,0,0,0,0,1,320,1,320,1.78,117,13.7,10.93,LN_Coal,0.4,1,1,0.6,0.6,8,8,0,1,,
 华能国际营口电厂,1996,,LN,Yingkou,0,Yingkou power station Unit 3,conventional_steam_coal,,0,1,219,4,0,0,0,1,0,0,0,0,0,0,0,0,0,0,1,320,1,320,1.78,117,13.7,10.93,LN_Coal,0.4,1,1,0.6,0.6,8,8,0,1,,
 国电电力庄河发电厂,2007,,LN,Dalian,1,Zhuanghe power station Unit 1,conventional_steam_coal,,0,1,220,4,0,0,0,1,0,0,0,0,0,0,0,0,0,0,1,600,1,600,1.78,117,13.7,9.25,LN_Coal,0.4,1,1,0.6,0.6,8,8,0,0,,
 国电电力庄河发电厂,2007,,LN,Dalian,1,Zhuanghe power station Unit 2,conventional_steam_coal,,0,1,221,4,0,0,0,1,0,0,0,0,0,0,0,0,0,0,1,600,1,600,1.78,117,13.7,9.25,LN_Coal,0.4,1,1,0.6,0.6,8,8,0,0,,
 华能国际营口电厂,2007,,LN,Yingkou,0,Yingkou power station Unit 4,conventional_steam_coal,,0,1,222,4,0,0,0,1,0,0,0,0,0,0,0,0,0,0,1,600,1,600,1.78,117,13.7,9.1,LN_Coal,0.4,1,1,0.6,0.6,8,8,0,1,,
Huaneng Yimin power station 华能呼伦贝尔能源开发伊敏发电厂,1999,,IME,Hulunbuir,0,Yimin power station Unit 1,conventional_steam_coal,,0,1,223,2,0,0,0,1,0,0,0,0,0,0,0,0,0,0,1,500,1,500,1.78,117,13.7,10.09,IME_Coal,0.4,1,1,0.6,0.6,8,8,0,1,,
 辽宁能源投资调兵山煤矸石发电厂,2010,,LN,Tieling,1,Diaobingshan power station Unit 1,cogen_conventional_steam_coal,,0,1,224,4,0,0,0,1,0,0,0,0,0,0,0,0,0,0,1,300,1,300,1.78,117,13.7,10.44,LN_Coal,0.4,1,1,0.6,0.6,8,8,0,1,,
 国家电投吉电股份白城发电厂,2010,,JL,Baicheng,1,CPI Baicheng power station Unit 1,cogen_conventional_steam_coal,,0,1,225,3,0,0,0,1,0,0,0,0,0,0,0,0,0,0,1,660,1,660,1.78,117,13.7,9.25,JL_Coal,0.4,1,1,0.6,0.6,8,8,0,1,,
 华能丹东发电厂,1998,,LN,Dandong,1,Dandong power station Unit 1,cogen_conventional_steam_coal,,0,1,226,4,0,0,0,1,0,0,0,0,0,0,0,0,0,0,1,350,1,350,1.78,117,13.7,11.31,LN_Coal,0.4,1,1,0.6,0.6,8,8,0,1,,
 鞍钢第二发电厂,1973,,LN,Anshan,0,Anshan Steel Company No 2 power station,cogen_conventional_steam_coal,both,1,1,227,4,0,0,0,1,0,0,0,0,0,0,0,0,0,0,1,125,1,125,1.78,117,13.7,12.62,LN_Coal,0.4,1,1,0.6,0.6,8,8,0,1,,
 本钢板材股份发电厂,2017,,LN,Benxi,0,Benxi Steel & Iron power station Unit 1,cogen_conventional_steam_coal,both,1,1,228,4,0,0,0,1,0,0,0,0,0,0,0,0,0,0,1,50,1,50,1.78,117,13.7,10.09,LN_Coal,0.4,1,1,0.6,0.6,8,8,0,1,,
 本钢板材股份发电厂,2017,,LN,Benxi,0,Benxi Steel & Iron power station Unit 2,cogen_conventional_steam_coal,both,1,1,229,4,0,0,0,1,0,0,0,0,0,0,0,0,0,0,1,50,1,50,1.78,117,13.7,10.09,LN_Coal,0.4,1,1,0.6,0.6,8,8,0,1,,
 本钢板材股份发电厂,2017,,LN,Benxi,0,Benxi Steel & Iron power station Unit 3,cogen_conventional_steam_coal,both,1,1,230,4,0,0,0,1,0,0,0,0,0,0,0,0,0,0,1,50,1,50,1.78,117,13.7,10.09,LN_Coal,0.4,1,1,0.6,0.6,8,8,0,1,,
 本钢板材股份发电厂,2017,,LN,Benxi,0,Benxi Steel & Iron power station Unit 4,cogen_conventional_steam_coal,both,1,1,231,4,0,0,0,1,0,0,0,0,0,0,0,0,0,0,1,50,1,50,1.78,117,13.7,10.09,LN_Coal,0.4,1,1,0.6,0.6,8,8,0,1,,
Weishanhu Yanshanhu power station 国家电投朝阳燕山湖发电厂,2011,,LN,Chaoyang,1,Chaoyang Yanshanhu power station Unit 1,cogen_conventional_steam_coal,,0,1,232,4,0,0,0,1,0,0,0,0,0,0,0,0,0,0,1,600,1,600,1.78,117,13.7,9.25,LN_Coal,0.4,1,1,0.6,0.6,8,8,0,1,,
Weishanhu Yanshanhu power station 国家电投朝阳燕山湖发电厂,2012,,LN,Chaoyang,0,Chaoyang Yanshanhu power station Unit 2,conventional_steam_coal,,0,1,233,4,0,0,0,1,0,0,0,0,0,0,0,0,0,0,1,600,1,600,1.78,117,13.7,9.25,LN_Coal,0.4,1,1,0.6,0.6,8,8,0,1,,
 国家电投内蒙古大板发电厂,2013,,IME,Chifeng,0,Chifeng Daban power station Unit 1,conventional_steam_coal,,0,1,234,2,0,0,0,1,0,0,0,0,0,0,0,0,0,0,1,600,1,600,1.78,117,13.7,9.57,IME_Coal,0.4,1,1,0.6,0.6,8,8,0,1,,
 国家电投内蒙古大板发电厂,2013,,IME,Chifeng,0,Chifeng Daban power station Unit 2,conventional_steam_coal,,0,1,235,2,0,0,0,1,0,0,0,0,0,0,0,0,0,0,1,600,1,600,1.78,117,13.7,9.57,IME_Coal,0.4,1,1,0.6,0.6,8,8,0,1,,
 京能赤峰能源发展公司煤矸石电厂,2008,,IME,Chifeng,0,Chifeng Waste Coal power station Unit 1,conventional_steam_coal,,0,1,236,2,0,0,0,1,0,0,0,0,0,0,0,0,0,0,1,135,1,135,1.78,117,13.7,11.31,IME_Coal,0.4,1,1,0.6,0.6,8,8,0,1,,
 京能赤峰能源发展公司煤矸石电厂,2008,,IME,Chifeng,0,Chifeng Waste Coal power station Unit 2,conventional_steam_coal,,0,1,237,2,0,0,0,1,0,0,0,0,0,0,0,0,0,0,1,135,1,135,1.78,117,13.7,11.31,IME_Coal,0.4,1,1,0.6,0.6,8,8,0,1,,
"国电元宝山发电扩建项目 (Phase IV Unit 5, Phase IV Unit 6) 国电元宝山发电厂",1998,,IME,Chifeng,0,Chifeng Yuanbaoshan power station Unit 1,conventional_steam_coal,,0,1,238,2,0,0,0,1,0,0,0,0,0,0,0,0,0,0,1,600,1,600,1.78,117,13.7,10.44,IME_Coal,0.4,1,1,0.6,0.6,8,8,0,1,,
"国电元宝山发电扩建项目 (Phase IV Unit 5, Phase IV Unit 6) 国电元宝山发电厂",2007,,IME,Chifeng,0,Chifeng Yuanbaoshan power station Unit 2,conventional_steam_coal,,0,1,239,2,0,0,0,1,0,0,0,0,0,0,0,0,0,0,1,600,1,600,1.78,117,13.7,9.57,IME_Coal,0.4,1,1,0.6,0.6,8,8,0,1,,
"国电元宝山发电扩建项目 (Phase IV Unit 5, Phase IV Unit 6) 国电元宝山发电厂",1985,,IME,Chifeng,0,Chifeng Yuanbaoshan power station Unit 3,conventional_steam_coal,,0,1,240,2,0,0,0,1,0,0,0,0,0,0,0,0,0,0,1,600,1,600,1.78,117,13.7,10.88,IME_Coal,0.4,1,1,0.6,0.6,8,8,0,1,,
 创新集团霍林郭勒创源金属自备电厂,2019,,IME,Tongliao,0,Chuangyuan Smelter power station Unit 1,cogen_conventional_steam_coal,both,1,1,241,2,0,0,0,1,0,0,0,0,0,0,0,0,0,0,1,330,1,330,1.78,117,13.7,9.57,IME_Coal,0.4,1,1,0.6,0.6,8,8,0,1,,
 创新集团霍林郭勒创源金属自备电厂,2019,,IME,Tongliao,0,Chuangyuan Smelter power station Unit 2,cogen_conventional_steam_coal,both,1,1,242,2,0,0,0,1,0,0,0,0,0,0,0,0,0,0,1,330,1,330,1.78,117,13.7,9.57,IME_Coal,0.4,1,1,0.6,0.6,8,8,0,1,,
 创新集团霍林郭勒创源金属自备电厂,2019,,IME,Tongliao,0,Chuangyuan Smelter power station Unit 3,cogen_conventional_steam_coal,both,1,1,243,2,0,0,0,1,0,0,0,0,0,0,0,0,0,0,1,330,1,330,1.78,117,13.7,9.57,IME_Coal,0.4,1,1,0.6,0.6,8,8,0,1,,
 创新集团霍林郭勒创源金属自备电厂,2020,,IME,Tongliao,0,Chuangyuan Smelter power station Unit 4,cogen_conventional_steam_coal,both,1,1,244,2,0,0,0,1,0,0,0,0,0,0,0,0,0,0,1,330,1,330,1.78,117,13.7,9.57,IME_Coal,0.4,1,1,0.6,0.6,8,8,0,1,,
 创新集团霍林郭勒创源金属自备电厂,2020,,IME,Tongliao,0,Chuangyuan Smelter power station Unit 5,cogen_conventional_steam_coal,both,1,1,245,2,0,0,0,1,0,0,0,0,0,0,0,0,0,0,1,330,1,330,1.78,117,13.7,9.57,IME_Coal,0.4,1,1,0.6,0.6,8,8,0,1,,
 创新集团霍林郭勒创源金属自备电厂,2020,,IME,Tongliao,0,Chuangyuan Smelter power station Unit 6,cogen_conventional_steam_coal,both,1,1,246,2,0,0,0,1,0,0,0,0,0,0,0,0,0,0,1,330,1,330,1.78,117,13.7,9.57,IME_Coal,0.4,1,1,0.6,0.6,8,8,0,1,,
Huaneng Yimin power station 华能呼伦贝尔能源开发伊敏发电厂,1998,,IME,Hulunbuir,0,Yimin power station Unit 2,conventional_steam_coal,,0,1,247,2,0,0,0,1,0,0,0,0,0,0,0,0,0,0,1,500,1,500,1.78,117,13.7,10.09,IME_Coal,0.4,1,1,0.6,0.6,8,8,0,1,,
 国家电投吉电股份白城发电厂,2010,,JL,Baicheng,1,CPI Baicheng power station Unit 2,cogen_conventional_steam_coal,,0,1,248,3,0,0,0,1,0,0,0,0,0,0,0,0,0,0,1,660,1,660,1.78,117,13.7,9.25,JL_Coal,0.4,1,1,0.6,0.6,8,8,0,1,,
 大化自备电厂,1996,,LN,Dalian,0,Dalian Chemical power station,conventional_steam_coal,,1,1,249,4,0,0,0,1,0,0,0,0,0,0,0,0,0,0,1,50,1,50,1.78,117,13.7,12.18,LN_Coal,0.4,1,1,0.6,0.6,8,8,0,1,,
 华能丹东发电厂,1998,,LN,Dandong,1,Dandong power station Unit 2,cogen_conventional_steam_coal,,0,1,250,4,0,0,0,1,0,0,0,0,0,0,0,0,0,0,1,350,1,350,1.78,117,13.7,11.31,LN_Coal,0.4,1,1,0.6,0.6,8,8,0,1,,
Huaneng Yimin power station 华能呼伦贝尔能源开发伊敏发电厂,2008,,IME,Hulunbuir,0,Yimin power station Unit 3,conventional_steam_coal,,0,1,251,2,0,0,0,1,0,0,0,0,0,0,0,0,0,0,1,600,1,600,1.78,117,13.7,9.57,IME_Coal,0.4,1,1,0.6,0.6,8,8,0,1,,
 华电铁岭发电厂,2008,,LN,Tieling,0,Tieling power station Unit 1,conventional_steam_coal,,0,1,252,4,0,0,0,1,0,0,0,0,0,0,0,0,0,0,1,600,1,600,1.78,117,13.7,9.1,LN_Coal,0.4,1,1,0.6,0.6,8,8,0,1,,
Huaneng Yimin power station 华能呼伦贝尔能源开发伊敏发电厂,2010,,IME,Hulunbuir,0,Yimin power station Unit 4,conventional_steam_coal,,0,1,253,2,0,0,0,1,0,0,0,0,0,0,0,0,0,0,1,600,1,600,1.78,117,13.7,9.25,IME_Coal,0.4,1,1,0.6,0.6,8,8,0,1,,
Datang Keshiketeng Coal Gasification captive power station 大唐克什克腾旗煤制气项目自备电厂,2013,,IME,Chifeng,0,Hexigten Coal Gasification captive power station Unit 1,cogen_conventional_steam_coal,both,1,1,254,2,0,0,0,1,0,0,0,0,0,0,0,0,0,0,1,100,1,100,1.78,117,13.7,11.19,IME_Coal,0.4,1,1,0.6,0.6,8,8,0,1,,
 中石油锦西炼油厂发电厂,2010,,LN,Huludao,0,Jinxi Refinery power station Unit 1,cogen_conventional_steam_coal,both,1,1,255,4,0,0,0,1,0,0,0,0,0,0,0,0,0,0,1,30,1,30,1.78,117,13.7,12.18,LN_Coal,0.4,1,1,0.6,0.6,8,8,0,1,,
 中石油锦西炼油厂发电厂,2002,,LN,Huludao,0,Jinxi Refinery power station Unit 2,cogen_conventional_steam_coal,both,1,1,256,4,0,0,0,1,0,0,0,0,0,0,0,0,0,0,1,50,1,50,1.78,117,13.7,12.18,LN_Coal,0.4,1,1,0.6,0.6,8,8,0,1,,
 中石油锦西炼油厂发电厂,2002,,LN,Huludao,0,Jinxi Refinery power station Unit 3,cogen_conventional_steam_coal,both,1,1,257,4,0,0,0,1,0,0,0,0,0,0,0,0,0,0,1,50,1,50,1.78,117,13.7,12.18,LN_Coal,0.4,1,1,0.6,0.6,8,8,0,1,,
Datang Keshiketeng Coal Gasification captive power station 大唐克什克腾旗煤制气项目自备电厂,2013,,IME,Chifeng,0,Hexigten Coal Gasification captive power station Unit 2,cogen_conventional_steam_coal,both,1,1,258,2,0,0,0,1,0,0,0,0,0,0,0,0,0,0,1,30,1,30,1.78,117,13.7,11.19,IME_Coal,0.4,1,1,0.6,0.6,8,8,0,1,,
Datang Keshiketeng Coal Gasification captive power station 大唐克什克腾旗煤制气项目自备电厂,2013,,IME,Chifeng,0,Hexigten Coal Gasification captive power station Unit 3,cogen_conventional_steam_coal,both,1,1,259,2,0,0,0,1,0,0,0,0,0,0,0,0,0,0,1,30,1,30,1.78,117,13.7,11.19,IME_Coal,0.4,1,1,0.6,0.6,8,8,0,1,,
 华润电力锦州发电厂,2020,,LN,Jinzhou,0,Jinzhou CR power station Unit 1,conventional_steam_coal,,0,1,260,4,0,0,0,1,0,0,0,0,0,0,0,0,0,0,1,660,1,660,1.78,117,13.7,8.27,LN_Coal,0.4,1,1,0.6,0.6,8,8,0,1,,
 华润电力锦州发电厂,2021,,LN,Jinzhou,0,Jinzhou CR power station Unit 2,conventional_steam_coal,,0,1,261,4,0,0,0,1,0,0,0,0,0,0,0,0,0,0,1,660,1,660,1.78,117,13.7,8.27,LN_Coal,0.4,1,1,0.6,0.6,8,8,0,1,,
 华能九台发电厂,2009,,JL,Changchun,0,Jiutai power station Unit 1,conventional_steam_coal,,0,1,262,3,0,0,0,1,0,0,0,0,0,0,0,0,0,0,1,670,1,670,1.78,117,13.7,9.25,JL_Coal,0.4,1,1,0.6,0.6,8,8,0,1,,
 华能九台发电厂,2009,,JL,Changchun,0,Jiutai power station Unit 2,conventional_steam_coal,,0,1,263,3,0,0,0,1,0,0,0,0,0,0,0,0,0,0,1,670,1,670,1.78,117,13.7,9.25,JL_Coal,0.4,1,1,0.6,0.6,8,8,0,1,,
Datang Keshiketeng Coal Gasification captive power station 大唐克什克腾旗煤制气项目自备电厂,2013,,IME,Chifeng,0,Hexigten Coal Gasification captive power station Unit 4,cogen_conventional_steam_coal,both,1,1,264,2,0,0,0,1,0,0,0,0,0,0,0,0,0,0,1,100,1,100,1.78,117,13.7,11.19,IME_Coal,0.4,1,1,0.6,0.6,8,8,0,1,,
"Luneng Baoqing power station, Shenhua Baoqing power station 神华国能宝清发电厂",2020,,HL,Shuangyashan,0,Heilongjiang Baoqing power station Unit 1,conventional_steam_coal,,0,1,265,1,0,0,0,1,0,0,0,0,0,0,0,0,0,0,1,600,1,600,1.78,117,13.7,8.41,HL_Coal,0.4,1,1,0.6,0.6,8,8,0,1,,
 国电康平发电厂,2008,,LN,Shenyang,0,Kangping power station Unit 1,conventional_steam_coal,,0,1,266,4,0,0,0,1,0,0,0,0,0,0,0,0,0,0,1,600,1,600,1.78,117,13.7,9.25,LN_Coal,0.4,1,1,0.6,0.6,8,8,0,1,,
 国电康平发电厂,2009,,LN,Shenyang,0,Kangping power station Unit 2,conventional_steam_coal,,0,1,267,4,0,0,0,1,0,0,0,0,0,0,0,0,0,0,1,600,1,600,1.78,117,13.7,9.25,LN_Coal,0.4,1,1,0.6,0.6,8,8,0,1,,
Huaneng Yimin power station 华能呼伦贝尔能源开发伊敏发电厂,2007,,IME,Hulunbuir,0,Yimin power station Unit 5,conventional_steam_coal,,0,1,268,2,0,0,0,1,0,0,0,0,0,0,0,0,0,0,1,600,1,600,1.78,117,13.7,9.57,IME_Coal,0.4,1,1,0.6,0.6,8,8,0,1,,
 辽宁南票发电厂,2010,,LN,Huludao,0,Liaoning Nanpiao power station Unit 1,conventional_steam_coal,,0,1,269,4,0,0,0,1,0,0,0,0,0,0,0,0,0,0,1,150,1,150,1.78,117,13.7,11.31,LN_Coal,0.4,1,1,0.6,0.6,8,8,0,1,,
 辽宁南票发电厂,2004,,LN,Huludao,0,Liaoning Nanpiao power station Unit 2,conventional_steam_coal,,0,1,270,4,0,0,0,1,0,0,0,0,0,0,0,0,0,0,1,100,1,100,1.78,117,13.7,12.18,LN_Coal,0.4,1,1,0.6,0.6,8,8,0,1,,
 辽宁南票发电厂,2004,,LN,Huludao,0,Liaoning Nanpiao power station Unit 3,conventional_steam_coal,,0,1,271,4,0,0,0,1,0,0,0,0,0,0,0,0,0,0,1,100,1,100,1.78,117,13.7,12.18,LN_Coal,0.4,1,1,0.6,0.6,8,8,0,1,,
Liaoning Dongfang Power Station 辽宁东方发电厂 国家电投辽宁发电厂三期,2005,,LN,Fushun,1,Liaoning-3 power station Unit 1,cogen_conventional_steam_coal,,0,1,272,4,0,0,0,1,0,0,0,0,0,0,0,0,0,0,1,350,1,350,1.78,117,13.7,10.44,LN_Coal,0.4,1,1,0.6,0.6,8,8,0,1,,
Liaoning Dongfang Power Station 辽宁东方发电厂 国家电投辽宁发电厂三期,2005,,LN,Fushun,0,Liaoning-3 power station Unit 2,conventional_steam_coal,,0,1,273,4,0,0,0,1,0,0,0,0,0,0,0,0,0,0,1,350,1,350,1.78,117,13.7,10.44,LN_Coal,0.4,1,1,0.6,0.6,8,8,0,1,,
 辽通化工发电厂,2011,,LN,Liaoyang,0,Liaotung Chemical power station Unit 1,cogen_conventional_steam_coal,both,1,1,274,4,0,0,0,1,0,0,0,0,0,0,0,0,0,0,1,30,1,30,1.78,117,13.7,11.31,LN_Coal,0.4,1,1,0.6,0.6,8,8,0,1,,
 辽通化工发电厂,2011,,LN,Liaoyang,0,Liaotung Chemical power station Unit 2,cogen_conventional_steam_coal,both,1,1,275,4,0,0,0,1,0,0,0,0,0,0,0,0,0,0,1,30,1,30,1.78,117,13.7,11.31,LN_Coal,0.4,1,1,0.6,0.6,8,8,0,1,,
"Luneng Baoqing power station, Shenhua Baoqing power station 神华国能宝清发电厂",2020,,HL,Shuangyashan,0,Heilongjiang Baoqing power station Unit 2,conventional_steam_coal,,0,1,276,1,0,0,0,1,0,0,0,0,0,0,0,0,0,0,1,600,1,600,1.78,117,13.7,8.41,HL_Coal,0.4,1,1,0.6,0.6,8,8,0,1,,
"Tongliao Huolinhe power station (Phase B Unit 7, Phase B Unit 8) 国家电投内蒙能源霍煤鸿骏电厂",2004,,IME,Tongliao,0,Hongjun Aluminum power station Unit 1,cogen_conventional_steam_coal,both,1,1,277,2,0,0,0,1,0,0,0,0,0,0,0,0,0,0,1,100,1,100,1.78,117,13.7,12.18,IME_Coal,0.4,1,1,0.6,0.6,8,8,0,1,,
"Tongliao Huolinhe power station (Phase B Unit 7, Phase B Unit 8) 国家电投内蒙能源霍煤鸿骏电厂",2005,,IME,Tongliao,0,Hongjun Aluminum power station Unit 2,cogen_conventional_steam_coal,both,1,1,278,2,0,0,0,1,0,0,0,0,0,0,0,0,0,0,1,100,1,100,1.78,117,13.7,11.31,IME_Coal,0.4,1,1,0.6,0.6,8,8,0,1,,
动力二厂 中石油吉林乙烯发电厂,2003,,JL,Jilin,0,Jilin Ethanol power station,cogen_conventional_steam_coal,both,1,1,279,3,0,0,0,1,0,0,0,0,0,0,0,0,0,0,1,31,1,31,1.78,117,13.7,12.18,JL_Coal,0.4,1,1,0.6,0.6,8,8,0,1,,
"神华内蒙古国华呼伦贝尔发电公司二期 (Phase II Unit 3, Phase II Unit 4) 神华内蒙古国华呼伦贝尔发电公司宝日希勒发电厂",2010,,IME,Hulunbuir,0,Hulunbuir Baorixile power station Unit 1,conventional_steam_coal,,0,1,280,2,0,0,0,1,0,0,0,0,0,0,0,0,0,0,1,600,1,600,1.78,117,13.7,9.25,IME_Coal,0.4,1,1,0.6,0.6,8,8,0,1,,
"神华内蒙古国华呼伦贝尔发电公司二期 (Phase II Unit 3, Phase II Unit 4) 神华内蒙古国华呼伦贝尔发电公司宝日希勒发电厂",2010,,IME,Hulunbuir,0,Hulunbuir Baorixile power station Unit 2,conventional_steam_coal,,0,1,281,2,0,0,0,1,0,0,0,0,0,0,0,0,0,0,1,600,1,600,1.78,117,13.7,9.25,IME_Coal,0.4,1,1,0.6,0.6,8,8,0,1,,
Datang Huichun power station 大唐珲春发电厂,2006,,JL,Yanbian,0,Hunchun power station Unit 1,conventional_steam_coal,,0,1,282,3,0,0,0,1,0,0,0,0,0,0,0,0,0,0,1,330,1,330,1.78,117,13.7,10.44,JL_Coal,0.4,1,1,0.6,0.6,8,8,0,1,,
Datang Huichun power station 大唐珲春发电厂,2006,,JL,Yanbian,0,Hunchun power station Unit 2,conventional_steam_coal,,0,1,283,3,0,0,0,1,0,0,0,0,0,0,0,0,0,0,1,330,1,330,1.78,117,13.7,10.44,JL_Coal,0.4,1,1,0.6,0.6,8,8,0,1,,
 华能国际大连发电厂,1988,,LN,Dalian,0,Huaneng Dalian power station Unit 1,conventional_steam_coal,,0,1,284,4,0,0,0,1,0,0,0,0,0,0,0,0,0,0,1,350,1,350,1.78,117,13.7,11.75,LN_Coal,0.4,1,1,0.6,0.6,8,8,0,1,,
 华能国际大连发电厂,1988,,LN,Dalian,0,Huaneng Dalian power station Unit 2,conventional_steam_coal,,0,1,285,4,0,0,0,1,0,0,0,0,0,0,0,0,0,0,1,350,1,350,1.78,117,13.7,11.75,LN_Coal,0.4,1,1,0.6,0.6,8,8,0,1,,
 华能国际大连发电厂,1999,,LN,Dalian,0,Huaneng Dalian power station Unit 3,conventional_steam_coal,,0,1,286,4,0,0,0,1,0,0,0,0,0,0,0,0,0,0,1,350,1,350,1.78,117,13.7,11.31,LN_Coal,0.4,1,1,0.6,0.6,8,8,0,1,,
 国家电投露天煤业通辽霍林河坑口发电厂,2008,,IME,Tongliao,0,Huolinhe power station Unit 1,conventional_steam_coal,,0,1,287,2,0,0,0,1,0,0,0,0,0,0,0,0,0,0,1,600,1,600,1.78,117,13.7,9.57,IME_Coal,0.4,1,1,0.6,0.6,8,8,0,1,,
 国家电投露天煤业通辽霍林河坑口发电厂,2008,,IME,Tongliao,0,Huolinhe power station Unit 2,conventional_steam_coal,,0,1,288,2,0,0,0,1,0,0,0,0,0,0,0,0,0,0,1,600,1,600,1.78,117,13.7,9.57,IME_Coal,0.4,1,1,0.6,0.6,8,8,0,1,,
 锦江集团内蒙古锦联铝材公司自备电厂,2015,,IME,Tongliao,0,Huolinhe Zhanute power station Unit 1,cogen_conventional_steam_coal,both,1,1,289,2,0,0,0,1,0,0,0,0,0,0,0,0,0,0,1,660,1,660,1.78,117,13.7,8.41,IME_Coal,0.4,1,1,0.6,0.6,8,8,0,1,,
 锦江集团内蒙古锦联铝材公司自备电厂,2015,,IME,Tongliao,0,Huolinhe Zhanute power station Unit 2,cogen_conventional_steam_coal,both,1,1,290,2,0,0,0,1,0,0,0,0,0,0,0,0,0,0,1,660,1,660,1.78,117,13.7,8.41,IME_Coal,0.4,1,1,0.6,0.6,8,8,0,1,,
 锦江集团内蒙古锦联铝材公司自备电厂,2017,,IME,Tongliao,0,Huolinhe Zhanute power station Unit 3,cogen_conventional_steam_coal,both,1,1,291,2,0,0,0,1,0,0,0,0,0,0,0,0,0,0,1,660,1,660,1.78,117,13.7,8.41,IME_Coal,0.4,1,1,0.6,0.6,8,8,0,1,,
 锦江集团内蒙古锦联铝材公司自备电厂,2013,,IME,Tongliao,0,Huolinhe Zhanute power station Unit 4,cogen_conventional_steam_coal,both,1,1,292,2,0,0,0,1,0,0,0,0,0,0,0,0,0,0,1,200,1,200,1.78,117,13.7,11.31,IME_Coal,0.4,1,1,0.6,0.6,8,8,0,1,,
 锦江集团内蒙古锦联铝材公司自备电厂,2013,,IME,Tongliao,0,Huolinhe Zhanute power station Unit 5,cogen_conventional_steam_coal,both,1,1,293,2,0,0,0,1,0,0,0,0,0,0,0,0,0,0,1,200,1,200,1.78,117,13.7,11.31,IME_Coal,0.4,1,1,0.6,0.6,8,8,0,1,,
 华能国际大连发电厂,1999,,LN,Dalian,0,Huaneng Dalian power station Unit 4,conventional_steam_coal,,0,1,294,4,0,0,0,1,0,0,0,0,0,0,0,0,0,0,1,350,1,350,1.78,117,13.7,11.31,LN_Coal,0.4,1,1,0.6,0.6,8,8,0,1,,
"Tongliao Huolinhe power station (Phase B Unit 7, Phase B Unit 8) 国家电投内蒙能源霍煤鸿骏电厂",2015,,IME,Tongliao,0,Hongjun Aluminum power station Unit 3,cogen_conventional_steam_coal,both,1,1,295,2,0,0,0,1,0,0,0,0,0,0,0,0,0,0,1,350,1,350,1.78,117,13.7,9.57,IME_Coal,0.4,1,1,0.6,0.6,8,8,0,1,,
动力一厂 中石油吉化自备电厂,1984,,JL,Jilin,0,Jilin City Works power station Unit 1,cogen_conventional_steam_coal,both,1,1,296,3,0,0,0,1,0,0,0,0,0,0,0,0,0,0,1,50,1,50,1.78,117,13.7,12.62,JL_Coal,0.4,1,1,0.6,0.6,8,8,0,1,,
动力一厂 中石油吉化自备电厂,1994,,JL,Jilin,0,Jilin City Works power station Unit 2,cogen_conventional_steam_coal,both,1,1,297,3,0,0,0,1,0,0,0,0,0,0,0,0,0,0,1,50,1,50,1.78,117,13.7,12.62,JL_Coal,0.4,1,1,0.6,0.6,8,8,0,1,,
"Tongliao Huolinhe power station (Phase B Unit 7, Phase B Unit 8) 国家电投内蒙能源霍煤鸿骏电厂",2015,,IME,Tongliao,0,Hongjun Aluminum power station Unit 4,cogen_conventional_steam_coal,both,1,1,298,2,0,0,0,1,0,0,0,0,0,0,0,0,0,0,1,350,1,350,1.78,117,13.7,9.57,IME_Coal,0.4,1,1,0.6,0.6,8,8,0,1,,
"Tongliao Huolinhe power station (Phase B Unit 7, Phase B Unit 8) 国家电投内蒙能源霍煤鸿骏电厂",2012,,IME,Tongliao,0,Hongjun Aluminum power station Unit 5,cogen_conventional_steam_coal,both,1,1,299,2,0,0,0,1,0,0,0,0,0,0,0,0,0,0,1,300,1,300,1.78,117,13.7,10.44,IME_Coal,0.4,1,1,0.6,0.6,8,8,0,1,,
"Tongliao Huolinhe power station (Phase B Unit 7, Phase B Unit 8) 国家电投内蒙能源霍煤鸿骏电厂",2012,,IME,Tongliao,0,Hongjun Aluminum power station Unit 6,cogen_conventional_steam_coal,both,1,1,300,2,0,0,0,1,0,0,0,0,0,0,0,0,0,0,1,300,1,300,1.78,117,13.7,10.44,IME_Coal,0.4,1,1,0.6,0.6,8,8,0,1,,
"Tongliao Huolinhe power station (Phase B Unit 7, Phase B Unit 8) 国家电投内蒙能源霍煤鸿骏电厂",2007,,IME,Tongliao,0,Hongjun Aluminum power station Unit 7,cogen_conventional_steam_coal,both,1,1,301,2,0,0,0,1,0,0,0,0,0,0,0,0,0,0,1,150,1,150,1.78,117,13.7,11.31,IME_Coal,0.4,1,1,0.6,0.6,8,8,0,1,,
"Tongliao Huolinhe power station (Phase B Unit 7, Phase B Unit 8) 国家电投内蒙能源霍煤鸿骏电厂",2006,,IME,Tongliao,0,Hongjun Aluminum power station Unit 8,cogen_conventional_steam_coal,both,1,1,302,2,0,0,0,1,0,0,0,0,0,0,0,0,0,0,1,150,1,150,1.78,117,13.7,11.31,IME_Coal,0.4,1,1,0.6,0.6,8,8,0,1,,
Huaneng Hegang power station 华能鹤岗发电厂,1999,,HL,Hegang,0,Hegang power station Unit 1,conventional_steam_coal,,0,1,303,1,0,0,0,1,0,0,0,0,0,0,0,0,0,0,1,300,1,300,1.78,117,13.7,11.31,HL_Coal,0.4,1,1,0.6,0.6,8,8,0,1,,
Huaneng Hegang power station 华能鹤岗发电厂,1997,,HL,Hegang,0,Hegang power station Unit 2,conventional_steam_coal,,0,1,304,1,0,0,0,1,0,0,0,0,0,0,0,0,0,0,1,300,1,300,1.78,117,13.7,11.31,HL_Coal,0.4,1,1,0.6,0.6,8,8,0,1,,
 辽宁南票发电厂,2010,,LN,Huludao,0,Liaoning Nanpiao power station Unit 4,conventional_steam_coal,,0,1,305,4,0,0,0,1,0,0,0,0,0,0,0,0,0,0,1,150,1,150,1.78,117,13.7,11.31,LN_Coal,0.4,1,1,0.6,0.6,8,8,0,1,,
 大唐辽源发电厂,2009,,JL,Liaoyuan,1,Liaoyuan Datang power station Unit 1,cogen_conventional_steam_coal,,0,1,306,3,0,0,0,1,0,0,0,0,0,0,0,0,0,0,1,330,1,330,1.78,117,13.7,10.44,JL_Coal,0.4,1,1,0.6,0.6,8,8,0,1,,
 国家电投抚顺发电厂,1960,,LN,Fushun,0,Fushun CHP power station Unit 1,cogen_conventional_steam_coal,,0,1,307,4,0,0,0,1,0,0,0,0,0,0,0,0,0,0,1,50,1,50,1.78,117,13.7,12.18,LN_Coal,0.4,1,1,0.6,0.6,8,8,0,1,,
 国家电投抚顺发电厂,1960,,LN,Fushun,0,Fushun CHP power station Unit 2,cogen_conventional_steam_coal,,0,1,308,4,0,0,0,1,0,0,0,0,0,0,0,0,0,0,1,50,1,50,1.78,117,13.7,12.18,LN_Coal,0.4,1,1,0.6,0.6,8,8,0,1,,
"二电厂, Huadian Fulaerji-2 power station 华电富拉尔基发电厂",1989,,HL,Qiqihar,0,Fulaerji-2 power station Unit 1,conventional_steam_coal,,0,1,309,1,0,0,0,1,0,0,0,0,0,0,0,0,0,0,1,200,1,200,1.78,117,13.7,12.62,HL_Coal,0.4,1,1,0.6,0.6,8,8,0,1,,
"二电厂, Huadian Fulaerji-2 power station 华电富拉尔基发电厂",1988,,HL,Qiqihar,0,Fulaerji-2 power station Unit 2,conventional_steam_coal,,0,1,310,1,0,0,0,1,0,0,0,0,0,0,0,0,0,0,1,200,1,200,1.78,117,13.7,12.62,HL_Coal,0.4,1,1,0.6,0.6,8,8,0,1,,
"二电厂, Huadian Fulaerji-2 power station 华电富拉尔基发电厂",1987,,HL,Qiqihar,0,Fulaerji-2 power station Unit 3,conventional_steam_coal,,0,1,311,1,0,0,0,1,0,0,0,0,0,0,0,0,0,0,1,200,1,200,1.78,117,13.7,12.62,HL_Coal,0.4,1,1,0.6,0.6,8,8,0,1,,
"二电厂, Huadian Fulaerji-2 power station 华电富拉尔基发电厂",1984,,HL,Qiqihar,0,Fulaerji-2 power station Unit 4,conventional_steam_coal,,0,1,312,1,0,0,0,1,0,0,0,0,0,0,0,0,0,0,1,200,1,200,1.78,117,13.7,12.62,HL_Coal,0.4,1,1,0.6,0.6,8,8,0,1,,
"二电厂, Huadian Fulaerji-2 power station 华电富拉尔基发电厂",1983,,HL,Qiqihar,0,Fulaerji-2 power station Unit 5,conventional_steam_coal,,0,1,313,1,0,0,0,1,0,0,0,0,0,0,0,0,0,0,1,200,1,200,1.78,117,13.7,12.62,HL_Coal,0.4,1,1,0.6,0.6,8,8,0,1,,
Huaneng Hegang power station 华能鹤岗发电厂,2007,,HL,Hegang,0,Hegang power station Unit 3,conventional_steam_coal,,0,1,314,1,0,0,0,1,0,0,0,0,0,0,0,0,0,0,1,600,1,600,1.78,117,13.7,9.25,HL_Coal,0.4,1,1,0.6,0.6,8,8,0,1,,
 神华国华绥中发电公司,2000,,LN,Huludao,0,Suizhong power station Unit 3,cogen_conventional_steam_coal,,0,1,315,4,0,0,0,1,0,0,0,0,0,0,0,0,0,0,1,880,1,880,1.78,117,13.7,10.09,LN_Coal,0.4,1,1,0.6,0.6,8,8,0,1,,
 神华国华绥中发电公司,2000,,LN,Huludao,0,Suizhong power station Unit 4,cogen_conventional_steam_coal,,0,1,316,4,0,0,0,1,0,0,0,0,0,0,0,0,0,0,1,880,1,880,1.78,117,13.7,10.09,LN_Coal,0.4,1,1,0.6,0.6,8,8,0,1,,
 华电铁岭发电厂,1993,,LN,Tieling,0,Tieling power station Unit 2,conventional_steam_coal,,0,1,317,4,0,0,0,1,0,0,0,0,0,0,0,0,0,0,1,300,1,300,1.78,117,13.7,11.75,LN_Coal,0.4,1,1,0.6,0.6,8,8,0,1,,
 华电铁岭发电厂,1993,,LN,Tieling,0,Tieling power station Unit 3,conventional_steam_coal,,0,1,318,4,0,0,0,1,0,0,0,0,0,0,0,0,0,0,1,300,1,300,1.78,117,13.7,11.75,LN_Coal,0.4,1,1,0.6,0.6,8,8,0,1,,
 华电铁岭发电厂,1996,,LN,Tieling,0,Tieling power station Unit 4,conventional_steam_coal,,0,1,319,4,0,0,0,1,0,0,0,0,0,0,0,0,0,0,1,300,1,300,1.78,117,13.7,11.31,LN_Coal,0.4,1,1,0.6,0.6,8,8,0,1,,
 华电铁岭发电厂,1997,,LN,Tieling,0,Tieling power station Unit 5,conventional_steam_coal,,0,1,320,4,0,0,0,1,0,0,0,0,0,0,0,0,0,0,1,300,1,300,1.78,117,13.7,11.31,LN_Coal,0.4,1,1,0.6,0.6,8,8,0,1,,
 华电铁岭发电厂,2008,,LN,Tieling,0,Tieling power station Unit 6,conventional_steam_coal,,0,1,321,4,0,0,0,1,0,0,0,0,0,0,0,0,0,0,1,600,1,600,1.78,117,13.7,9.1,LN_Coal,0.4,1,1,0.6,0.6,8,8,0,1,,
 神华国能蒙东能源鄂温克电厂,2012,,IME,Hulunbuir,0,Ewenki power station Unit 1,conventional_steam_coal,,0,1,322,2,0,0,0,1,0,0,0,0,0,0,0,0,0,0,1,600,1,600,1.78,117,13.7,9.25,IME_Coal,0.4,1,1,0.6,0.6,8,8,0,1,,
 神华国能蒙东能源鄂温克电厂,2012,,IME,Hulunbuir,0,Ewenki power station Unit 2,conventional_steam_coal,,0,1,323,2,0,0,0,1,0,0,0,0,0,0,0,0,0,0,1,600,1,600,1.78,117,13.7,9.25,IME_Coal,0.4,1,1,0.6,0.6,8,8,0,1,,
Huaneng Xinhua Daqing power station 华能新华发电厂,1979,,HL,Daqing,0,Xinhua power station Unit 1,conventional_steam_coal,,0,1,324,1,0,0,0,1,0,0,0,0,0,0,0,0,0,0,1,200,1,200,1.78,117,13.7,12.62,HL_Coal,0.4,1,1,0.6,0.6,8,8,0,1,,
Huaneng Xinhua Daqing power station 华能新华发电厂,2005,,HL,Daqing,0,Xinhua power station Unit 2,conventional_steam_coal,,0,1,325,1,0,0,0,1,0,0,0,0,0,0,0,0,0,0,1,330,1,330,1.78,117,13.7,10.44,HL_Coal,0.4,1,1,0.6,0.6,8,8,0,1,,
 辽宁能源投资调兵山煤矸石发电厂,2010,,LN,Tieling,1,Diaobingshan power station Unit 2,cogen_conventional_steam_coal,,0,1,326,4,0,0,0,1,0,0,0,0,0,0,0,0,0,0,1,300,1,300,1.78,117,13.7,10.44,LN_Coal,0.4,1,1,0.6,0.6,8,8,0,1,,
Huaneng Yimin power station 华能呼伦贝尔能源开发伊敏发电厂,2010,,IME,Hulunbuir,0,Yimin power station Unit 6,conventional_steam_coal,,0,1,327,2,0,0,0,1,0,0,0,0,0,0,0,0,0,0,1,600,1,600,1.78,117,13.7,9.25,IME_Coal,0.4,1,1,0.6,0.6,8,8,0,1,,
 国家电投抚顺发电厂,2008,,LN,Fushun,0,Fushun CPI power station Unit 1,cogen_conventional_steam_coal,,0,1,328,4,0,0,0,1,0,0,0,0,0,0,0,0,0,0,1,300,1,300,1.78,117,13.7,10.44,LN_Coal,0.4,1,1,0.6,0.6,8,8,0,1,,
 国家电投抚顺发电厂,2008,,LN,Fushun,0,Fushun CPI power station Unit 2,cogen_conventional_steam_coal,,0,1,329,4,0,0,0,1,0,0,0,0,0,0,0,0,0,0,1,300,1,300,1.78,117,13.7,10.44,LN_Coal,0.4,1,1,0.6,0.6,8,8,0,1,,
"二电厂, Huadian Fulaerji-2 power station 华电富拉尔基发电厂",1982,,HL,Qiqihar,0,Fulaerji-2 power station Unit 6,conventional_steam_coal,,0,1,330,1,0,0,0,1,0,0,0,0,0,0,0,0,0,0,1,200,1,200,1.78,117,13.7,12.62,HL_Coal,0.4,1,1,0.6,0.6,8,8,0,1,,
 国电双鸭山发电厂,2007,,HL,Shuangyashan,0,Shuangyashan power station Unit 1,conventional_steam_coal,,0,1,331,1,0,0,0,1,0,0,0,0,0,0,0,0,0,0,1,600,1,600,1.78,117,13.7,9.25,HL_Coal,0.4,1,1,0.6,0.6,8,8,0,1,,
 大唐辽源发电厂,2009,,JL,Liaoyuan,1,Liaoyuan Datang power station Unit 2,cogen_conventional_steam_coal,,0,1,332,3,0,0,0,1,0,0,0,0,0,0,0,0,0,0,1,330,1,330,1.78,117,13.7,10.44,JL_Coal,0.4,1,1,0.6,0.6,8,8,0,1,,
 华电牡丹江第二发电厂,1991,,HL,Mudanjiang,0,Mudanjiang-2 power station Unit 1,conventional_steam_coal,,0,1,333,1,0,0,0,1,0,0,0,0,0,0,0,0,0,0,1,215,1,215,1.78,117,13.7,12.62,HL_Coal,0.4,1,1,0.6,0.6,8,8,0,1,,
 国电双鸭山发电厂,2008,,HL,Shuangyashan,0,Shuangyashan power station Unit 2,conventional_steam_coal,,0,1,334,1,0,0,0,1,0,0,0,0,0,0,0,0,0,0,1,600,1,600,1.78,117,13.7,9.25,HL_Coal,0.4,1,1,0.6,0.6,8,8,0,1,,
 华电牡丹江第二发电厂,2010,,HL,Mudanjiang,0,Mudanjiang-2 power station Unit 2,conventional_steam_coal,,0,1,335,1,0,0,0,1,0,0,0,0,0,0,0,0,0,0,1,300,1,300,1.78,117,13.7,10.44,HL_Coal,0.4,1,1,0.6,0.6,8,8,0,1,,
 华电牡丹江第二发电厂,2011,,HL,Mudanjiang,0,Mudanjiang-2 power station Unit 3,conventional_steam_coal,,0,1,336,1,0,0,0,1,0,0,0,0,0,0,0,0,0,0,1,300,1,300,1.78,117,13.7,10.44,HL_Coal,0.4,1,1,0.6,0.6,8,8,0,1,,
 国家电投阜新发电厂,2007,,LN,Fuxin,0,Fuxin power station Unit 1,cogen_conventional_steam_coal,,0,1,337,4,0,0,0,1,0,0,0,0,0,0,0,0,0,0,1,350,1,350,1.78,117,13.7,10.44,LN_Coal,0.4,1,1,0.6,0.6,8,8,0,1,,
 国家电投阜新发电厂,2006,,LN,Fuxin,0,Fuxin power station Unit 2,cogen_conventional_steam_coal,,0,1,338,4,0,0,0,1,0,0,0,0,0,0,0,0,0,0,1,350,1,350,1.78,117,13.7,10.44,LN_Coal,0.4,1,1,0.6,0.6,8,8,0,1,,
 国家电投阜新发电厂,2001,,LN,Fuxin,0,Fuxin power station Unit 3,cogen_conventional_steam_coal,,0,1,339,4,0,0,0,1,0,0,0,0,0,0,0,0,0,0,1,200,1,200,1.78,117,13.7,12.18,LN_Coal,0.4,1,1,0.6,0.6,8,8,0,1,,
 国家电投阜新发电厂,1996,,LN,Fuxin,0,Fuxin power station Unit 4,cogen_conventional_steam_coal,,0,1,340,4,0,0,0,1,0,0,0,0,0,0,0,0,0,0,1,200,1,200,1.78,117,13.7,12.18,LN_Coal,0.4,1,1,0.6,0.6,8,8,0,1,,
 国家电投辽宁清河发电厂,1984,,LN,Tieling,0,Qinghe power station Unit 1,conventional_steam_coal,,0,1,341,4,0,0,0,1,0,0,0,0,0,0,0,0,0,0,1,200,1,200,1.78,117,13.7,12.62,LN_Coal,0.4,1,1,0.6,0.6,8,8,0,1,,
 国家电投辽宁清河发电厂,2011,,LN,Tieling,0,Qinghe power station Unit 2,conventional_steam_coal,,0,1,342,4,0,0,0,1,0,0,0,0,0,0,0,0,0,0,1,600,1,600,1.78,117,13.7,9.25,LN_Coal,0.4,1,1,0.6,0.6,8,8,0,1,,
 国家电投辽宁清河发电厂,2010,,LN,Tieling,0,Qinghe power station Unit 3,conventional_steam_coal,,0,1,343,4,0,0,0,1,0,0,0,0,0,0,0,0,0,0,1,600,1,600,1.78,117,13.7,9.25,LN_Coal,0.4,1,1,0.6,0.6,8,8,0,1,,
 华电牡丹江第二发电厂,1995,,HL,Mudanjiang,0,Mudanjiang-2 power station Unit 4,conventional_steam_coal,,0,1,344,1,0,0,0,1,0,0,0,0,0,0,0,0,0,0,1,200,1,200,1.78,117,13.7,12.18,HL_Coal,0.4,1,1,0.6,0.6,8,8,0,1,,
Datang Qitaihe power station 大唐七台河发电厂,2002,,HL,Qitaihe,0,Qitaihe power station Unit 1,conventional_steam_coal,,0,1,345,1,0,0,0,1,0,0,0,0,0,0,0,0,0,0,1,350,1,350,1.78,117,13.7,11.31,HL_Coal,0.4,1,1,0.6,0.6,8,8,0,1,,
Datang Qitaihe power station 大唐七台河发电厂,2008,,HL,Qitaihe,0,Qitaihe power station Unit 2,conventional_steam_coal,,0,1,346,1,0,0,0,1,0,0,0,0,0,0,0,0,0,0,1,600,1,600,1.78,117,13.7,9.57,HL_Coal,0.4,1,1,0.6,0.6,8,8,0,1,,
Datang Qitaihe power station 大唐七台河发电厂,2008,,HL,Qitaihe,0,Qitaihe power station Unit 3,conventional_steam_coal,,0,1,347,1,0,0,0,1,0,0,0,0,0,0,0,0,0,0,1,600,1,600,1.78,117,13.7,9.57,HL_Coal,0.4,1,1,0.6,0.6,8,8,0,1,,
 大唐国际阜新煤制天然气公司动力岛,2020,,LN,Fuxin,0,Fuxin Coal gasification power station Unit 1,cogen_conventional_steam_coal,both,1,1,348,4,0,0,0,1,0,0,0,0,0,0,0,0,0,0,1,50,1,50,1.78,117,13.7,10.44,LN_Coal,0.4,1,1,0.6,0.6,8,8,0,1,,
 大唐国际阜新煤制天然气公司动力岛,2020,,LN,Fuxin,0,Fuxin Coal gasification power station Unit 2,cogen_conventional_steam_coal,both,1,1,349,4,0,0,0,1,0,0,0,0,0,0,0,0,0,0,1,50,1,50,1.78,117,13.7,10.44,LN_Coal,0.4,1,1,0.6,0.6,8,8,0,1,,
Shuangliao West power station 国能双辽发电厂,2014,,JL,Siping,1,Shuangliao power station Unit 1,cogen_conventional_steam_coal,,0,1,350,3,0,0,0,1,0,0,0,0,0,0,0,0,0,0,1,660,1,660,1.78,117,13.7,9.25,JL_Coal,0.4,1,1,0.6,0.6,8,8,0,0,,
Shuangliao West power station 国能双辽发电厂,1994,,JL,Siping,1,Shuangliao power station Unit 2,conventional_steam_coal,,0,1,351,3,0,0,0,1,0,0,0,0,0,0,0,0,0,0,1,350,1,350,1.78,117,13.7,11.75,JL_Coal,0.4,1,1,0.6,0.6,8,8,0,0,,
Shuangliao West power station 国能双辽发电厂,1995,,JL,Siping,1,Shuangliao power station Unit 3,conventional_steam_coal,,0,1,352,3,0,0,0,1,0,0,0,0,0,0,0,0,0,0,1,350,1,350,1.78,117,13.7,11.31,JL_Coal,0.4,1,1,0.6,0.6,8,8,0,0,,
Shuangliao West power station 国能双辽发电厂,2000,,JL,Siping,1,Shuangliao power station Unit 4,cogen_conventional_steam_coal,,0,1,353,3,0,0,0,1,0,0,0,0,0,0,0,0,0,0,1,350,1,350,1.78,117,13.7,11.31,JL_Coal,0.4,1,1,0.6,0.6,8,8,0,1,,
Shuangliao West power station 国能双辽发电厂,2000,,JL,Siping,1,Shuangliao power station Unit 5,conventional_steam_coal,,0,1,354,3,0,0,0,1,0,0,0,0,0,0,0,0,0,0,1,350,1,350,1.78,117,13.7,11.31,JL_Coal,0.4,1,1,0.6,0.6,8,8,0,0,,
Datang Qitaihe power station 大唐七台河发电厂,2001,,HL,Qitaihe,0,Qitaihe power station Unit 4,conventional_steam_coal,,0,1,355,1,0,0,0,1,0,0,0,0,0,0,0,0,0,0,1,350,1,350,1.78,117,13.7,11.31,HL_Coal,0.4,1,1,0.6,0.6,8,8,0,1,,
"吉林鑫达钢铁有限公司300万吨钢配套1x110MW超高温亚临界煤气发电自备电站工程 (Unit 2), 吉林鑫达钢铁有限公司65MW高温超高压中间再热煤气发电工程项目 (Unit 1)",2017,,JL,,None,"JiLin Province Xinda Steel Co., Ltd. power project",natural_gas_fired_combined_cycle,,1,1,356,3,0,0,0,0,0,0,1,0,0,0,0,0,0,0,1,65,1,65,3.75,87,2,7.6,JL_Gas,0.2,1,1,1,1,2,2,0,0,,
,2016,,LN,,None,Hongyanhe nuclear power plant Unit 1,nuclear,,0,1,357,4,0,0,0,0,0,0,0,0,0,0,1,0,0,0,1,1119,1,1119,2.32,235,33,10.46,None,0.3,1,1,1,1,24,24,0,0,,
,2021,,LN,,None,Hongyanhe nuclear power plant Unit 2,nuclear,,0,1,358,4,0,0,0,0,0,0,0,0,0,0,1,0,0,0,1,1119,1,1119,2.32,235,33,10.46,None,0.3,1,1,1,1,24,24,0,0,,
,2014,,LN,,None,Hongyanhe nuclear power plant Unit 3,nuclear,,0,1,359,4,0,0,0,0,0,0,0,0,0,0,1,0,0,0,1,1119,1,1119,2.32,235,33,10.46,None,0.3,1,1,1,1,24,24,0,0,,
,2013,,LN,,None,Hongyanhe nuclear power plant Unit 4,nuclear,,0,1,360,4,0,0,0,0,0,0,0,0,0,0,1,0,0,0,1,1119,1,1119,2.32,235,33,10.46,None,0.3,1,1,1,1,24,24,0,0,,
,2015,,LN,,None,Hongyanhe nuclear power plant Unit 5,nuclear,,0,1,361,4,0,0,0,0,0,0,0,0,0,0,1,0,0,0,1,1119,1,1119,2.32,235,33,10.46,None,0.3,1,1,1,1,24,24,0,0,,
,,,JL,,None,JL_hydroelectric_pumped_storage,hydroelectric_pumped_storage,,0,1,362,3,1,0,0,0,0,0,0,0,0,0,0,0,0,0,0,300,1,300,0,0,0,0,None,0,0.8,0.8,1,1,0,0,3600,0,,
,,,HL,,None,HL_hydroelectric_pumped_storage,hydroelectric_pumped_storage,,0,1,363,1,1,0,0,0,0,0,0,0,0,0,0,0,0,0,0,1200,1,1200,0,0,0,0,None,0,0.8,0.8,1,1,0,0,14400,0,,
,,,LN,,None,LN_hydroelectric_pumped_storage,hydroelectric_pumped_storage,,0,1,364,4,1,0,0,0,0,0,0,0,0,0,0,0,0,0,0,1200,1,1200,0,0,0,0,None,0,0.8,0.8,1,1,0,0,14400,0,,
,,,IME,,None,IME_solar_photovoltaic,solar_photovoltaic,,0,1,365,2,0,1,0,0,0,0,0,0,0,0,0,1,1,0,0,2872.2,1,2872.2,0,0,0,0,None,0,1,1,1,1,0,0,0,0,,
,,,JL,,None,JL_solar_photovoltaic,solar_photovoltaic,,0,1,366,3,0,1,0,0,0,0,0,0,0,0,0,1,1,0,0,3460,1,3460,0,0,0,0,None,0,1,1,1,1,0,0,0,0,,
,,,LN,,None,LN_solar_photovoltaic,solar_photovoltaic,,0,1,367,4,0,1,0,0,0,0,0,0,0,0,0,1,1,0,0,4780,1,4780,0,0,0,0,None,0,1,1,1,1,0,0,0,0,,
,,,HL,,None,HL_solar_photovoltaic,solar_photovoltaic,,0,1,368,1,0,1,0,0,0,0,0,0,0,0,0,1,1,0,0,4200,1,4200,0,0,0,0,None,0,1,1,1,1,0,0,0,0,,
,,,IME,,None,IME_onshore_wind_turbine,onshore_wind_turbine,,0,1,369,2,0,0,0,0,0,1,0,0,0,0,0,1,1,0,0,12909.61063,1,12909.61063,0,0,0,0,None,0,1,1,1,1,0,0,0,0,,
,,,HL,,None,HL_onshore_wind_turbine,onshore_wind_turbine,,0,1,370,1,0,0,0,0,0,1,0,0,0,0,0,1,1,0,0,8350,1,8350,0,0,0,0,None,0,1,1,1,1,0,0,0,0,,
,,,JL,,None,JL_onshore_wind_turbine,onshore_wind_turbine,,0,1,371,3,0,0,0,0,0,1,0,0,0,0,0,1,1,0,0,6650,1,6650,0,0,0,0,None,0,1,1,1,1,0,0,0,0,,
,,,LN,,None,LN_onshore_wind_turbine,onshore_wind_turbine,,0,1,372,4,0,0,0,0,0,1,0,0,0,0,0,1,1,0,0,10870,1,10870,0,0,0,0,None,0,1,1,1,1,0,0,0,0,,
,,,HL,,0,dummy_cogen_coal_proj Unit 1,cogen_conventional_steam_coal,,0,1,373,1,0,0,0,1,0,0,0,0,0,0,0,0,0,0,1,330,1,330,1.78,117,13.7,10.54163121,HL_Coal,0.4,1,1,0.6,0.6,8,8,0,1,,
,,,HL,,0,dummy_cogen_coal_proj Unit 2,cogen_conventional_steam_coal,,0,1,374,1,0,0,0,1,0,0,0,0,0,0,0,0,0,0,1,330,1,330,1.78,117,13.7,10.54163121,HL_Coal,0.4,1,1,0.6,0.6,8,8,0,1,,
,,,HL,,0,dummy_cogen_coal_proj Unit 3,cogen_conventional_steam_coal,,0,1,375,1,0,0,0,1,0,0,0,0,0,0,0,0,0,0,1,330,1,330,1.78,117,13.7,10.54163121,HL_Coal,0.4,1,1,0.6,0.6,8,8,0,1,,
,,,HL,,0,dummy_cogen_coal_proj Unit 4,cogen_conventional_steam_coal,,0,1,376,1,0,0,0,1,0,0,0,0,0,0,0,0,0,0,1,330,1,330,1.78,117,13.7,10.54163121,HL_Coal,0.4,1,1,0.6,0.6,8,8,0,1,,
,,,HL,,0,dummy_cogen_coal_proj Unit 5,cogen_conventional_steam_coal,,0,1,377,1,0,0,0,1,0,0,0,0,0,0,0,0,0,0,1,330,1,330,1.78,117,13.7,10.54163121,HL_Coal,0.4,1,1,0.6,0.6,8,8,0,1,,
,,,HL,,0,dummy_conven_coal_proj Unit 1,conventional_steam_coal,,0,1,378,1,0,0,0,1,0,0,0,0,0,0,0,0,0,0,1,330,1,330,1.78,117,13.7,10.54163121,HL_Coal,0.4,1,1,0.6,0.6,8,8,0,1,,
,,,HL,,0,dummy_conven_coal_proj Unit 2,conventional_steam_coal,,0,1,379,1,0,0,0,1,0,0,0,0,0,0,0,0,0,0,1,330,1,330,1.78,117,13.7,10.54163121,HL_Coal,0.4,1,1,0.6,0.6,8,8,0,1,,
,,,HL,,0,dummy_conven_coal_proj Unit 3,conventional_steam_coal,,0,1,380,1,0,0,0,1,0,0,0,0,0,0,0,0,0,0,1,330,1,330,1.78,117,13.7,10.54163121,HL_Coal,0.4,1,1,0.6,0.6,8,8,0,1,,
,,,HL,,0,dummy_conven_coal_proj Unit 4,conventional_steam_coal,,0,1,381,1,0,0,0,1,0,0,0,0,0,0,0,0,0,0,1,330,1,330,1.78,117,13.7,10.54163121,HL_Coal,0.4,1,1,0.6,0.6,8,8,0,1,,
,,,JL,,0,dummy_cogen_coal_proj Unit 6,cogen_conventional_steam_coal,,0,1,382,3,0,0,0,1,0,0,0,0,0,0,0,0,0,0,1,330,1,330,1.78,117,13.7,10.54163121,JL_Coal,0.4,1,1,0.6,0.6,8,8,0,1,,
,,,JL,,0,dummy_cogen_coal_proj Unit 7,cogen_conventional_steam_coal,,0,1,383,3,0,0,0,1,0,0,0,0,0,0,0,0,0,0,1,330,1,330,1.78,117,13.7,10.54163121,JL_Coal,0.4,1,1,0.6,0.6,8,8,0,1,,
,,,JL,,0,dummy_conven_coal_proj Unit 5,conventional_steam_coal,,0,1,384,3,0,0,0,1,0,0,0,0,0,0,0,0,0,0,1,330,1,330,1.78,117,13.7,10.54163121,JL_Coal,0.4,1,1,0.6,0.6,8,8,0,1,,
,,,LN,,0,dummy_cogen_coal_proj Unit 8,cogen_conventional_steam_coal,,0,1,385,4,0,0,0,1,0,0,0,0,0,0,0,0,0,0,1,330,1,330,1.78,117,13.7,10.54163121,LN_Coal,0.4,1,1,0.6,0.6,8,8,0,1,,
,,,LN,,0,dummy_cogen_coal_proj Unit 9,cogen_conventional_steam_coal,,0,1,386,4,0,0,0,1,0,0,0,0,0,0,0,0,0,0,1,330,1,330,1.78,117,13.7,10.54163121,LN_Coal,0.4,1,1,0.6,0.6,8,8,0,1,,
,,,LN,,0,dummy_cogen_coal_proj Unit 10,cogen_conventional_steam_coal,,0,1,387,4,0,0,0,1,0,0,0,0,0,0,0,0,0,0,1,330,1,330,1.78,117,13.7,10.54163121,LN_Coal,0.4,1,1,0.6,0.6,8,8,0,1,,
,,,LN,,0,dummy_cogen_coal_proj Unit 11,cogen_conventional_steam_coal,,0,1,388,4,0,0,0,1,0,0,0,0,0,0,0,0,0,0,1,330,1,330,1.78,117,13.7,10.54163121,LN_Coal,0.4,1,1,0.6,0.6,8,8,0,1,,
,,,LN,,0,dummy_cogen_coal_proj Unit 12,cogen_conventional_steam_coal,,0,1,389,4,0,0,0,1,0,0,0,0,0,0,0,0,0,0,1,330,1,330,1.78,117,13.7,10.54163121,LN_Coal,0.4,1,1,0.6,0.6,8,8,0,1,,
,,,LN,,0,dummy_conven_coal_proj Unit 6,conventional_steam_coal,,0,1,390,4,0,0,0,1,0,0,0,0,0,0,0,0,0,0,1,330,1,330,1.78,117,13.7,10.54163121,LN_Coal,0.4,1,1,0.6,0.6,8,8,0,1,,
,,,LN,,0,dummy_conven_coal_proj Unit 7,conventional_steam_coal,,0,1,391,4,0,0,0,1,0,0,0,0,0,0,0,0,0,0,1,330,1,330,1.78,117,13.7,10.54163121,LN_Coal,0.4,1,1,0.6,0.6,8,8,0,1,,
,,,LN,,0,dummy_conven_coal_proj Unit 8,conventional_steam_coal,,0,1,392,4,0,0,0,1,0,0,0,0,0,0,0,0,0,0,1,330,1,330,1.78,117,13.7,10.54163121,LN_Coal,0.4,1,1,0.6,0.6,8,8,0,1,,
,,,LN,,0,dummy_conven_coal_proj Unit 9,conventional_steam_coal,,0,1,393,4,0,0,0,1,0,0,0,0,0,0,0,0,0,0,1,330,1,330,1.78,117,13.7,10.54163121,LN_Coal,0.4,1,1,0.6,0.6,8,8,0,1,,
,,,LN,,0,dummy_conven_coal_proj Unit 10,conventional_steam_coal,,0,1,394,4,0,0,0,1,0,0,0,0,0,0,0,0,0,0,1,330,1,330,1.78,117,13.7,10.54163121,LN_Coal,0.4,1,1,0.6,0.6,8,8,0,1,,
,,,HL,,None,gas_dummy Unit 1,natural_gas_fired_combined_cycle,,0,1,395,1,0,0,0,0,0,0,1,0,0,0,0,0,0,0,1,150,1,150,3.75,87,2,7.6,HL_Gas,0.2,1,1,1,1,2,2,0,0,1,gas_dummy
,,,JL,,None,gas_dummy Unit 2,natural_gas_fired_combined_cycle,,0,1,396,3,0,0,0,0,0,0,1,0,0,0,0,0,0,0,1,20,1,20,3.75,87,2,7.6,JL_Gas,0.2,1,1,1,1,2,2,0,0,1,gas_dummy
,,,LN,,None,gas_dummy Unit 3,natural_gas_fired_combined_cycle,,0,1,397,4,0,0,0,0,0,0,1,0,0,0,0,0,0,0,1,30,1,30,3.75,87,2,7.6,LN_Gas,0.2,1,1,1,1,2,2,0,0,1,gas_dummy
,,,IME,,None,gas_dummy Unit 4,natural_gas_fired_combined_cycle,,0,1,398,2,0,0,0,0,0,0,1,0,0,0,0,0,0,0,1,132,1,132,3.75,87,2,7.6,JL_Coal,0.2,1,1,1,1,2,2,0,0,1,gas_dummy
,,,JL,,None,JL_conventional_hydroelectric,conventional_hydroelectric,,0,1,399,3,0,0,0,0,0,0,0,0,0,1,0,0,1,0,0,5890,1,5890,0,0,0,0,None,0,1,1,0.083,0.083,0,0,1500,0,,
,,,LN,,None,LN_conventional_hydroelectric,conventional_hydroelectric,,0,1,400,4,0,0,0,0,0,0,0,0,0,1,0,0,1,0,0,1850,1,1850,0,0,0,0,None,0,1,1,0.083,0.083,0,0,150,0,,
,,,IME,,None,IME_conventional_hydroelectric,conventional_hydroelectric,,0,1,401,2,0,0,0,0,0,0,0,0,0,1,0,0,1,0,0,340,1,340,0,0,0,0,None,0,1,1,0.083,0.083,0,0,250,0,,
,,,IME,,None,IME_batteries,batteries,,0,1,402,2,1,0,0,0,0,0,0,0,0,0,0,0,0,0,0,818,1,818,0,0,0,0,None,0,0.95,0.95,1,1,0,0,3272,0,,
,,,LN,,None,LN_batteries,batteries,,0,1,403,4,1,0,0,0,0,0,0,0,0,0,0,0,0,0,0,16,1,16,0,0,0,0,None,0,0.95,0.95,1,1,0,0,64,0,,
,,,SD,,0,SD_conventional_steam_coal,cogen_conventional_steam_coal,,0,1,404,5,0,0,0,1,0,0,0,0,0,0,0,0,0,0,1,0,0,0,1.72,111.15,13,10.4085141,SD_Coal,0.4,1,1,0.9,0.9,8,8,0,0,0,
,,,JB,,0,JB_conventional_steam_coal,cogen_conventional_steam_coal,,0,1,405,6,0,0,0,1,0,0,0,0,0,0,0,0,0,0,1,0,0,0,1.72,111.15,13,10.4085141,JB_Coal,0.4,1,1,0.9,0.9,8,8,0,0,0,