year,parameter,fold,log_length_scale,length_scale,upper_bound,hit_threshold,hit_upper_bound,total_hits,retained
2016,Coal_Retrofitted_Min_Power_660-1000,1,3.999999999995489,54.59815003289794,54.598150033144236,49.40244910553017,true,5,false
2016,Coal_Retrofitted_Time_660-1000,1,3.999999999994448,54.59815003284111,54.598150033144236,49.40244910553017,true,5,false
2016,Coal_Retrofitted_Min_Power_300-660,1,3.9999999999961404,54.59815003293351,54.598150033144236,49.40244910553017,true,5,false
2016,Coal_Retrofitted_Time_300-660,1,3.9999999999946723,54.598150032853354,54.598150033144236,49.40244910553017,true,5,false
2016,Coal_Retrofitted_Min_Power_0-300,1,3.9999999999930744,54.598150032766114,54.598150033144236,49.40244910553017,true,5,false
2016,Coal_Retrofitted_Time_0-300,1,3.9999999999921108,54.5981500327135,54.598150033144236,49.40244910553017,true,5,false
2016,CHP_NonRetrofitted_Min_Power_660-1000,1,3.999999999994891,54.598150032865306,54.598150033144236,49.40244910553017,true,5,false
2016,CHP_NonRetrofitted_Time_660-1000,1,3.9999999999759677,54.59815003183212,54.598150033144236,49.40244910553017,true,5,false
2016,CHP_NonRetrofitted_Min_Power_300-660,1,2.180694509526863,8.852452236668189,54.598150033144236,49.40244910553017,false,0,true
2016,CHP_NonRetrofitted_Time_300-660,1,3.9999999999956803,54.59815003290839,54.598150033144236,49.40244910553017,true,4,false
2016,CHP_NonRetrofitted_Min_Power_0-300,1,2.0702259110454917,7.926613625165452,54.598150033144236,49.40244910553017,false,0,true
2016,CHP_NonRetrofitted_Time_0-300,1,3.999999999992698,54.59815003274556,54.598150033144236,49.40244910553017,true,5,false
2016,MLT_Band,1,1.2899979059185425,3.6327789484098085,54.598150033144236,49.40244910553017,false,0,true
2016,Coal_Retrofitted_Min_Power_660-1000,2,3.999999999994546,54.59815003284647,54.598150033144236,49.40244910553017,true,5,false
2016,Coal_Retrofitted_Time_660-1000,2,3.9999999999899094,54.59815003259331,54.598150033144236,49.40244910553017,true,5,false
2016,Coal_Retrofitted_Min_Power_300-660,2,3.9999999999967697,54.59815003296787,54.598150033144236,49.40244910553017,true,5,false
2016,Coal_Retrofitted_Time_300-660,2,3.9999999999935207,54.598150032790485,54.598150033144236,49.40244910553017,true,5,false
2016,Coal_Retrofitted_Min_Power_0-300,2,3.99999999999539,54.59815003289253,54.598150033144236,49.40244910553017,true,5,false
2016,Coal_Retrofitted_Time_0-300,2,3.9999999999829408,54.598150032212835,54.598150033144236,49.40244910553017,true,5,false
2016,CHP_NonRetrofitted_Min_Power_660-1000,2,3.9999999999784595,54.59815003196817,54.598150033144236,49.40244910553017,true,5,false
2016,CHP_NonRetrofitted_Time_660-1000,2,3.999999999975995,54.59815003183362,54.598150033144236,49.40244910553017,true,5,false
2016,CHP_NonRetrofitted_Min_Power_300-660,2,2.0622011417647648,7.863258923066582,54.598150033144236,49.40244910553017,false,0,true
2016,CHP_NonRetrofitted_Time_300-660,2,3.9999999999972213,54.59815003299253,54.598150033144236,49.40244910553017,true,4,false
2016,CHP_NonRetrofitted_Min_Power_0-300,2,2.1097082075617943,8.245834861296451,54.598150033144236,49.40244910553017,false,0,true
2016,CHP_NonRetrofitted_Time_0-300,2,3.9999999999952722,54.59815003288611,54.598150033144236,49.40244910553017,true,5,false
2016,MLT_Band,2,1.4045922118467276,4.073865128560107,54.598150033144236,49.40244910553017,false,0,true
2016,Coal_Retrofitted_Min_Power_660-1000,3,3.999999999999086,54.59815003309434,54.598150033144236,49.40244910553017,true,5,false
2016,Coal_Retrofitted_Time_660-1000,3,3.9999999999987126,54.59815003307395,54.598150033144236,49.40244910553017,true,5,false
2016,Coal_Retrofitted_Min_Power_300-660,3,3.999999999999259,54.59815003310377,54.598150033144236,49.40244910553017,true,5,false
2016,Coal_Retrofitted_Time_300-660,3,3.999999999999131,54.598150033096786,54.598150033144236,49.40244910553017,true,5,false
2016,Coal_Retrofitted_Min_Power_0-300,3,3.9999999999991407,54.59815003309732,54.598150033144236,49.40244910553017,true,5,false
2016,Coal_Retrofitted_Time_0-300,3,3.9999999999992877,54.59815003310535,54.598150033144236,49.40244910553017,true,5,false
2016,CHP_NonRetrofitted_Min_Power_660-1000,3,3.999999999999093,54.598150033094726,54.598150033144236,49.40244910553017,true,5,false
2016,CHP_NonRetrofitted_Time_660-1000,3,3.9999999999979576,54.59815003303273,54.598150033144236,49.40244910553017,true,5,false
2016,CHP_NonRetrofitted_Min_Power_300-660,3,1.995266319493287,7.354161323630317,54.598150033144236,49.40244910553017,false,0,true
2016,CHP_NonRetrofitted_Time_300-660,3,3.9999999999989626,54.5981500330876,54.598150033144236,49.40244910553017,true,4,false
2016,CHP_NonRetrofitted_Min_Power_0-300,3,1.990270467689183,7.3175126454213055,54.598150033144236,49.40244910553017,false,0,true
2016,CHP_NonRetrofitted_Time_0-300,3,3.9999999999992757,54.598150033104695,54.598150033144236,49.40244910553017,true,5,false
2016,MLT_Band,3,1.2593385120042024,3.523090234504261,54.598150033144236,49.40244910553017,false,0,true
2016,Coal_Retrofitted_Min_Power_660-1000,4,3.999999999999929,54.59815003314036,54.598150033144236,49.40244910553017,true,5,false
2016,Coal_Retrofitted_Time_660-1000,4,3.999999999999899,54.59815003313874,54.598150033144236,49.40244910553017,true,5,false
2016,Coal_Retrofitted_Min_Power_300-660,4,3.9999999999999525,54.59815003314164,54.598150033144236,49.40244910553017,true,5,false
2016,Coal_Retrofitted_Time_300-660,4,3.9999999999996834,54.59815003312695,54.598150033144236,49.40244910553017,true,5,false
2016,Coal_Retrofitted_Min_Power_0-300,4,3.999999999999869,54.59815003313709,54.598150033144236,49.40244910553017,true,5,false
2016,Coal_Retrofitted_Time_0-300,4,3.999999999999783,54.598150033132384,54.598150033144236,49.40244910553017,true,5,false
2016,CHP_NonRetrofitted_Min_Power_660-1000,4,3.999999999999863,54.59815003313677,54.598150033144236,49.40244910553017,true,5,false
2016,CHP_NonRetrofitted_Time_660-1000,4,3.999999999999907,54.59815003313917,54.598150033144236,49.40244910553017,true,5,false
2016,CHP_NonRetrofitted_Min_Power_300-660,4,2.066058803809494,7.893651302636049,54.598150033144236,49.40244910553017,false,0,true
2016,CHP_NonRetrofitted_Time_300-660,4,3.8547871683701516,47.21856626734422,54.598150033144236,49.40244910553017,false,4,false
2016,CHP_NonRetrofitted_Min_Power_0-300,4,2.059822499601575,7.844577271142871,54.598150033144236,49.40244910553017,false,0,true
2016,CHP_NonRetrofitted_Time_0-300,4,3.9999999999999125,54.59815003313946,54.598150033144236,49.40244910553017,true,5,false
2016,MLT_Band,4,1.3087553286702966,3.701563613671616,54.598150033144236,49.40244910553017,false,0,true
2016,Coal_Retrofitted_Min_Power_660-1000,5,3.9999999999281246,54.59815002921997,54.598150033144236,49.40244910553017,true,5,false
2016,Coal_Retrofitted_Time_660-1000,5,3.9999999999176095,54.59815002864587,54.598150033144236,49.40244910553017,true,5,false
2016,Coal_Retrofitted_Min_Power_300-660,5,3.999999999934381,54.59815002956156,54.598150033144236,49.40244910553017,true,5,false
2016,Coal_Retrofitted_Time_300-660,5,3.999999999905848,54.59815002800372,54.598150033144236,49.40244910553017,true,5,false
2016,Coal_Retrofitted_Min_Power_0-300,5,3.999999999915634,54.59815002853802,54.598150033144236,49.40244910553017,true,5,false
2016,Coal_Retrofitted_Time_0-300,5,3.999999999877905,54.59815002647809,54.598150033144236,49.40244910553017,true,5,false
2016,CHP_NonRetrofitted_Min_Power_660-1000,5,3.999999999910357,54.5981500282499,54.598150033144236,49.40244910553017,true,5,false
2016,CHP_NonRetrofitted_Time_660-1000,5,3.9999999998990305,54.59815002763149,54.598150033144236,49.40244910553017,true,5,false
2016,CHP_NonRetrofitted_Min_Power_300-660,5,2.0624907354690962,7.865536403102253,54.598150033144236,49.40244910553017,false,0,true
2016,CHP_NonRetrofitted_Time_300-660,5,3.999999999934096,54.59815002954599,54.598150033144236,49.40244910553017,true,4,false
2016,CHP_NonRetrofitted_Min_Power_0-300,5,2.1683761755808177,8.744073665944645,54.598150033144236,49.40244910553017,false,0,true
2016,CHP_NonRetrofitted_Time_0-300,5,3.9999999999163904,54.59815002857931,54.598150033144236,49.40244910553017,true,5,false
2016,MLT_Band,5,1.2252026348379907,3.404855955327243,54.598150033144236,49.40244910553017,false,0,true
2021,Coal_Retrofitted_Min_Power_660-1000,1,3.999999999999866,54.59815003313692,54.598150033144236,49.40244910553017,true,4,false
2021,Coal_Retrofitted_Time_660-1000,1,3.999999999999858,54.59815003313648,54.598150033144236,49.40244910553017,true,5,false
2021,Coal_Retrofitted_Min_Power_300-660,1,2.5238465664840533,12.47649615217084,54.598150033144236,49.40244910553017,false,0,true
2021,Coal_Retrofitted_Time_300-660,1,3.999999999999875,54.59815003313743,54.598150033144236,49.40244910553017,true,5,false
2021,Coal_Retrofitted_Min_Power_0-300,1,2.7343974531831887,15.400461140863634,54.598150033144236,49.40244910553017,false,3,true
2021,Coal_Retrofitted_Time_0-300,1,3.9999999999997358,54.59815003312981,54.598150033144236,49.40244910553017,true,2,true
2021,CHP_NonRetrofitted_Min_Power_660-1000,1,3.9999999999998868,54.598150033138054,54.598150033144236,49.40244910553017,true,5,false
2021,CHP_NonRetrofitted_Time_660-1000,1,3.999999999999822,54.598150033134516,54.598150033144236,49.40244910553017,true,5,false
2021,CHP_NonRetrofitted_Min_Power_300-660,1,2.02938328985081,7.609392122086193,54.598150033144236,49.40244910553017,false,0,true
2021,CHP_NonRetrofitted_Time_300-660,1,3.9999999999998903,54.59815003313825,54.598150033144236,49.40244910553017,true,4,false
2021,CHP_NonRetrofitted_Min_Power_0-300,1,2.341453649896772,10.396338219791465,54.598150033144236,49.40244910553017,false,0,true
2021,CHP_NonRetrofitted_Time_0-300,1,3.999999999999864,54.59815003313682,54.598150033144236,49.40244910553017,true,5,false
2021,MLT_Band,1,0.8356282439084617,2.306262488612251,54.598150033144236,49.40244910553017,false,0,true
2021,Coal_Retrofitted_Min_Power_660-1000,2,3.9999999999943854,54.598150032837694,54.598150033144236,49.40244910553017,true,4,false
2021,Coal_Retrofitted_Time_660-1000,2,3.9999999999808296,54.59815003209757,54.598150033144236,49.40244910553017,true,5,false
2021,Coal_Retrofitted_Min_Power_300-660,2,2.6713334780938167,14.45923741942075,54.598150033144236,49.40244910553017,false,0,true
2021,Coal_Retrofitted_Time_300-660,2,3.9999999999904556,54.59815003262313,54.598150033144236,49.40244910553017,true,5,false
2021,Coal_Retrofitted_Min_Power_0-300,2,3.9999999999861067,54.59815003238569,54.598150033144236,49.40244910553017,true,3,true
2021,Coal_Retrofitted_Time_0-300,2,3.1272929015712094,22.812141167409823,54.598150033144236,49.40244910553017,false,2,true
2021,CHP_NonRetrofitted_Min_Power_660-1000,2,3.999999999983453,54.598150032240795,54.598150033144236,49.40244910553017,true,5,false
2021,CHP_NonRetrofitted_Time_660-1000,2,3.99999999999352,54.598150032790436,54.598150033144236,49.40244910553017,true,5,false
2021,CHP_NonRetrofitted_Min_Power_300-660,2,2.5106465159471445,12.312887966202307,54.598150033144236,49.40244910553017,false,0,true
2021,CHP_NonRetrofitted_Time_300-660,2,3.9999999999911258,54.598150032659724,54.598150033144236,49.40244910553017,true,4,false
2021,CHP_NonRetrofitted_Min_Power_0-300,2,2.489096681693971,12.050385868353608,54.598150033144236,49.40244910553017,false,0,true
2021,CHP_NonRetrofitted_Time_0-300,2,3.9999999999931806,54.59815003277191,54.598150033144236,49.40244910553017,true,5,false
2021,MLT_Band,2,1.0561838256007152,2.8753770848623335,54.598150033144236,49.40244910553017,false,0,true
2021,Coal_Retrofitted_Min_Power_660-1000,3,3.9999999999999996,54.598150033144215,54.598150033144236,49.40244910553017,true,4,false
2021,Coal_Retrofitted_Time_660-1000,3,3.9999999999999996,54.598150033144215,54.598150033144236,49.40244910553017,true,5,false
2021,Coal_Retrofitted_Min_Power_300-660,3,2.4863593477377686,12.017445043518794,54.598150033144236,49.40244910553017,false,0,true
2021,Coal_Retrofitted_Time_300-660,3,3.9999999999999996,54.598150033144215,54.598150033144236,49.40244910553017,true,5,false
2021,Coal_Retrofitted_Min_Power_0-300,3,2.735070978914399,15.410837241607684,54.598150033144236,49.40244910553017,false,3,true
2021,Coal_Retrofitted_Time_0-300,3,2.8636880123946153,17.52604416138616,54.598150033144236,49.40244910553017,false,2,true
2021,CHP_NonRetrofitted_Min_Power_660-1000,3,3.9999999999999996,54.598150033144215,54.598150033144236,49.40244910553017,true,5,false
2021,CHP_NonRetrofitted_Time_660-1000,3,3.9999999999999996,54.598150033144215,54.598150033144236,49.40244910553017,true,5,false
2021,CHP_NonRetrofitted_Min_Power_300-660,3,2.488597256851571,12.044369108875085,54.598150033144236,49.40244910553017,false,0,true
2021,CHP_NonRetrofitted_Time_300-660,3,3.620106887153634,37.34155894169768,54.598150033144236,49.40244910553017,false,4,false
2021,CHP_NonRetrofitted_Min_Power_0-300,3,2.5027390371013443,12.215908003910522,54.598150033144236,49.40244910553017,false,0,true
2021,CHP_NonRetrofitted_Time_0-300,3,3.9999999999999996,54.598150033144215,54.598150033144236,49.40244910553017,true,5,false
2021,MLT_Band,3,0.9860042737018496,2.6805024913018025,54.598150033144236,49.40244910553017,false,0,true
2021,Coal_Retrofitted_Min_Power_660-1000,4,3.4104418738829203,30.278620635516493,54.598150033144236,49.40244910553017,false,4,false
2021,Coal_Retrofitted_Time_660-1000,4,3.9999999999998446,54.59815003313575,54.598150033144236,49.40244910553017,true,5,false
2021,Coal_Retrofitted_Min_Power_300-660,4,2.3739993795444603,10.740260882749054,54.598150033144236,49.40244910553017,false,0,true
2021,Coal_Retrofitted_Time_300-660,4,3.9999999999999036,54.59815003313898,54.598150033144236,49.40244910553017,true,5,false
2021,Coal_Retrofitted_Min_Power_0-300,4,3.9999999999997766,54.59815003313204,54.598150033144236,49.40244910553017,true,3,true
2021,Coal_Retrofitted_Time_0-300,4,3.9999999999997717,54.59815003313177,54.598150033144236,49.40244910553017,true,2,true
2021,CHP_NonRetrofitted_Min_Power_660-1000,4,3.9222538811415686,50.514169502940526,54.598150033144236,49.40244910553017,true,5,false
2021,CHP_NonRetrofitted_Time_660-1000,4,3.9999999999998863,54.59815003313803,54.598150033144236,49.40244910553017,true,5,false
2021,CHP_NonRetrofitted_Min_Power_300-660,4,1.6484715101121958,5.199027090555079,54.598150033144236,49.40244910553017,false,0,true
2021,CHP_NonRetrofitted_Time_300-660,4,3.9999999999998814,54.59815003313776,54.598150033144236,49.40244910553017,true,4,false
2021,CHP_NonRetrofitted_Min_Power_0-300,4,2.4496421341141965,11.584200387219354,54.598150033144236,49.40244910553017,false,0,true
2021,CHP_NonRetrofitted_Time_0-300,4,3.999999999999832,54.59815003313508,54.598150033144236,49.40244910553017,true,5,false
2021,MLT_Band,4,1.0916440310316389,2.979167893129128,54.598150033144236,49.40244910553017,false,0,true
2021,Coal_Retrofitted_Min_Power_660-1000,5,3.999999999997283,54.598150032995896,54.598150033144236,49.40244910553017,true,4,false
2021,Coal_Retrofitted_Time_660-1000,5,3.999999999998017,54.59815003303598,54.598150033144236,49.40244910553017,true,5,false
2021,Coal_Retrofitted_Min_Power_300-660,5,2.3903335243013766,10.91713446555252,54.598150033144236,49.40244910553017,false,0,true
2021,Coal_Retrofitted_Time_300-660,5,3.999999999973723,54.59815003170955,54.598150033144236,49.40244910553017,true,5,false
2021,Coal_Retrofitted_Min_Power_0-300,5,3.999999999994227,54.59815003282903,54.598150033144236,49.40244910553017,true,3,true
2021,Coal_Retrofitted_Time_0-300,5,3.020548044482869,20.502524901417527,54.598150033144236,49.40244910553017,false,2,true
2021,CHP_NonRetrofitted_Min_Power_660-1000,5,3.999999999998221,54.598150033047105,54.598150033144236,49.40244910553017,true,5,false
2021,CHP_NonRetrofitted_Time_660-1000,5,3.99999999999824,54.59815003304815,54.598150033144236,49.40244910553017,true,5,false
2021,CHP_NonRetrofitted_Min_Power_300-660,5,2.1359283642767,8.46490137224898,54.598150033144236,49.40244910553017,false,0,true
2021,CHP_NonRetrofitted_Time_300-660,5,3.9999999999973648,54.59815003300036,54.598150033144236,49.40244910553017,true,4,false
2021,CHP_NonRetrofitted_Min_Power_0-300,5,2.5097706811290803,12.302108631358028,54.598150033144236,49.40244910553017,false,0,true
2021,CHP_NonRetrofitted_Time_0-300,5,3.9999999999982885,54.59815003305079,54.598150033144236,49.40244910553017,true,5,false
2021,MLT_Band,5,1.163051965211846,3.1996837129316194,54.598150033144236,49.40244910553017,false,0,true
