year,epsilon,parameter,n_members,minimum,q25,median,q75,maximum,normalized_iqr
2016,0.05,CHP_NonRetrofitted_Min_Power_300-660,53,0.6277973950450204,0.6727326138695617,0.7048459761684512,0.727308662111704,0.7490512676687503,0.12128010720476054
2016,0.05,CHP_NonRetrofitted_Min_Power_0-300,53,0.6101870510596917,0.6796724029791779,0.7051998773032783,0.7352323024155709,0.7463941310986165,0.12346644319198458
2016,0.05,MLT_Band,53,0.05002384933927045,0.05342724655886662,0.05705489155973566,0.060573064539815064,0.07644196177569357,0.020416622802709845
2016,0.1,CHP_NonRetrofitted_Min_Power_300-660,260,0.5006030496523984,0.6326918936439203,0.6773448862496283,0.7192610233138532,0.7490512676687503,0.19237584371096203
2016,0.1,CHP_NonRetrofitted_Min_Power_0-300,260,0.4770728593670176,0.6206980850876029,0.6689575564884408,0.7144778426641195,0.748358337076815,0.20839946128114797
2016,0.1,MLT_Band,260,0.05001456911784778,0.05446022203123482,0.06009649609537762,0.06812682004911816,0.09544754132556432,0.0390474229082381
2016,0.2,CHP_NonRetrofitted_Min_Power_300-660,1569,0.30049181976985045,0.5054774293357489,0.6068212645624488,0.6832350575265675,0.7498374380876436,0.3950169515351526
2016,0.2,CHP_NonRetrofitted_Min_Power_0-300,1569,0.3017050286908805,0.5063448575146459,0.6074371235338532,0.6765447488063367,0.7499521094780119,0.378221980648202
2016,0.2,MLT_Band,1569,0.05001456911784778,0.05763489915707378,0.06692828746002437,0.08029202671501637,0.13138544974424818,0.06473465016555024
2016,0.3,CHP_NonRetrofitted_Min_Power_300-660,3415,0.30014045452388144,0.45739530274616735,0.5724834174372155,0.6697005083611729,0.7498374380876436,0.4717893458111235
2016,0.3,CHP_NonRetrofitted_Min_Power_0-300,3415,0.3003178414621061,0.45151318925950823,0.5683841777409067,0.6640459694690849,0.7499762581714604,0.47229506713239267
2016,0.3,MLT_Band,3415,0.05001456911784778,0.06494798562152294,0.08018293508914212,0.09775448233385313,0.1776475987304264,0.0937328477495148
2021,0.05,Coal_Retrofitted_Min_Power_300-660,859,0.31857562576814524,0.5403797360841922,0.6267495926738954,0.6890137106955437,0.7499631116372363,0.330297721358559
2021,0.05,Coal_Retrofitted_Min_Power_0-300,859,0.3003677740558306,0.44527632827076674,0.5647228587189173,0.6681652782711334,0.7496589205328867,0.49530877777859256
2021,0.05,Coal_Retrofitted_Time_0-300,859,2.0034003033401744,3.3370623767815184,4.3380227799818805,5.241765117604823,5.99662791497944,0.4761756852058261
2021,0.05,CHP_NonRetrofitted_Min_Power_300-660,859,0.3093055094205675,0.4631002316962139,0.5299879533877736,0.6619574536881083,0.7497583063401475,0.4419049377597654
2021,0.05,CHP_NonRetrofitted_Min_Power_0-300,859,0.3005021781405984,0.4256759706174516,0.533070002771214,0.639165142627996,0.7497315084194635,0.47442038224565414
2021,0.05,MLT_Band,859,0.050014093180034094,0.05586959334718737,0.06264050100093213,0.07240276435226725,0.11292598087424659,0.04723763144308537
2021,0.1,Coal_Retrofitted_Min_Power_300-660,3420,0.30007883763772003,0.44586902779899196,0.5588712203094324,0.6585728117465985,0.7499631116372363,0.4726750754391258
2021,0.1,Coal_Retrofitted_Min_Power_0-300,3420,0.3003677740558306,0.422242176273447,0.5360124039130121,0.6449950889486438,0.7499917549648447,0.4950064726115484
2021,0.1,Coal_Retrofitted_Time_0-300,3420,2.0007729833430385,3.177415584715999,4.198463093494805,5.111942133588438,5.997355201070633,0.48363163721810976
2021,0.1,CHP_NonRetrofitted_Min_Power_300-660,3420,0.30056145647989096,0.4355938168426122,0.5276189398545754,0.6484456510327329,0.7498314130818219,0.47300407597804595
2021,0.1,CHP_NonRetrofitted_Min_Power_0-300,3420,0.3000607494553787,0.41624042359284724,0.5298245251347786,0.6388442582589947,0.7499159703518181,0.4946751881469944
2021,0.1,MLT_Band,3420,0.050014093180034094,0.06506904565257421,0.08046855087048424,0.09826333315407651,0.167182316348027,0.09484082143286371
2021,0.2,Coal_Retrofitted_Min_Power_300-660,7041,0.30000948453101184,0.42666649266725304,0.5415034212029468,0.6474039978894854,0.7499631116372363,0.4905277893827387
2021,0.2,Coal_Retrofitted_Min_Power_0-300,7041,0.3001442865073928,0.4131925664522937,0.5263805663442017,0.6385345374724671,0.7499917549648447,0.5007599356003855
2021,0.2,Coal_Retrofitted_Time_0-300,7041,2.0007729833430385,3.063673458104127,4.086335786579049,5.052206654049444,5.999959532915463,0.4971332989863292
2021,0.2,CHP_NonRetrofitted_Min_Power_300-660,7041,0.3001606041003815,0.42798086996740803,0.535747003632528,0.6477365283840442,0.7498625901343318,0.4883459075925248
2021,0.2,CHP_NonRetrofitted_Min_Power_0-300,7041,0.30000709703399464,0.4161862270909059,0.5310359206754578,0.6426120627494476,0.749973616703468,0.5031685236856482
2021,0.2,MLT_Band,7041,0.050014093180034094,0.08081086920083216,0.11161015064615334,0.14274996801264989,0.24863621900770427,0.17696885374805063
2021,0.3,Coal_Retrofitted_Min_Power_300-660,9676,0.30000948453101184,0.4224124988677712,0.5377271429839099,0.6462853648655291,0.7499631116372363,0.4974952577727954
2021,0.3,Coal_Retrofitted_Min_Power_0-300,9676,0.3000634491201269,0.4116392196070632,0.5234840709539503,0.6370995880432764,0.7499917549648447,0.5010230409693627
2021,0.3,Coal_Retrofitted_Time_0-300,9676,2.0002725638773766,3.015470167514992,4.009421686840529,5.0110927280021205,5.999959532915463,0.49890564012178207
2021,0.3,CHP_NonRetrofitted_Min_Power_300-660,9676,0.3001606041003815,0.43010219788680515,0.5420125652994383,0.6486047213855313,0.7499190713347788,0.48556116333050253
2021,0.3,CHP_NonRetrofitted_Min_Power_0-300,9676,0.30000709703399464,0.4191376197954616,0.5356271338751177,0.6442666822320017,0.749973616703468,0.5002868054145335
2021,0.3,MLT_Band,9676,0.050014093180034094,0.09233360025409366,0.1346660544374937,0.17711459853927813,0.3115569050014521,0.2422314236719556
